Season,Date,Match,Competition,Duration,isOpponent,Team,Aerial duels,Aerial duels accuracy,Aerial duels won,Average pass length,Average passes per possession,Average shot distance,Back passes,Back passes accuracy,Back passes accurate,Back passes percentage,Clearances,Conceded goals,Corners,Corners with shots,Corners with shots percentage,Counterattacks,Counterattacks with shots,Counterattacks with shots percentage,Crosses,Crosses accurate,Crossing accuracy,Deep completed crosses,Deep completed passes,Defensive duels,Defensive duels accuracy,Defensive duels won,Difference in Goals and xG,Duels,Duels accuracy,Duels won,Forward passes,Forward passes accuracy,Forward passes accurate,Forward passes percentage,Fouls,Free kicks,Free kicks with shots,Goal differential,Goal kicks,Goals,Interceptions,Lateral passes,Lateral passes accuracy,Lateral passes accurate,Lateral passes percentage,Long pass %,Long passes,Long passes accuracy,Long passes accurate,Long passes percentage,Losses,Losses High,Losses Low,Losses Medium,Match tempo,Offensive duels,Offensive duels accuracy,Offensive duels won,Offsides,PPDA,Passes,Passes accuracy,Passes accurate,Passes to final third,Passes to final third accuracy,Passes to final third accurate,Passes to final third percentage,Penalties,Penalties converted,Penalty area entries (runs,Penalty area entries (runs crosses),Penalty conversion percentage,Positional attacks,Positional attacks with shots,Positional attacks with shots percentage,"Possession, %",Progressive passes,Progressive passes accuracy,Progressive passes accurate,Progressive passes percentage,Recoveries,Recoveries High,Recoveries Low,Recoveries Medium,Red cards,Scheme,Shots,Shots against,Shots against on target,Shots against on target accuracy,Shots from outside penalty area,Shots from outside penalty area on target,Shots from outside penalty area on target accuracy,Shots from outside penalty area on target percentage,Shots on target,Shots on target accuracy,Sliding tackle percentage,Sliding tackles,Sliding tackles successful,Smart passes,Smart passes accuracy,Smart passes accurate,Smart passes percentage,Throw in percentage,Throw ins,Throw ins accurate,Touches in penalty area,Yellow cards,xG
2021,2021-08-27,Dixie State Blazers - UC San Diego Tritons 1:0,United States. NCAA D1 Non-conference matches,93,False,UC San Diego Tritons,45,0.4666666666666667,21,20.52,3.12,19.27,62,0.9354838709677419,58,0.21641791044776118,13,1,4,2,0.5,1,0,0.0,15,2,0.13333333333333333,2,1,95,0.7157894736842105,68,-0.36,243,0.522633744855967,127,129,0.7054263565891473,91,0.33955223880597013,15,3,0,-1,9,0,28,123,0.7560975609756098,93,0.34701492537313433,12.89,45,0.4444444444444444,20,0.07462686567164178,115,44,19,52,15.47,65,0.38461538461538464,25,0,10.64,349,0.7679083094555874,268,41,0.6341463414634146,26,0.09701492537313433,0,0,21,0,,27,4,0.14814814814814814,47.59,59,0.6271186440677966,37,0.13805970149253732,75,7,28,40,0,4-4-2 (100.0%),6,6,2,0.3333333333333333,3,0,0.0,,0,0.0,1.0,1,1,0,,0,0.0,0.8285714285714286,35,29,6,1,0.36
2021,2021-08-27,Dixie State Blazers - UC San Diego Tritons 1:0,United States. NCAA D1 Non-conference matches,93,True,Utah Tech Trailblazers,45,0.35555555555555557,16,20.71,3.19,24.07,44,0.8863636363636364,39,0.1291390728476821,24,0,1,0,0.0,4,0,0.0,14,7,0.5,4,7,65,0.6153846153846154,40,0.35,243,0.4156378600823045,101,112,0.7053571428571429,79,0.26158940397350994,14,6,0,1,11,1,46,145,0.9103448275862069,132,0.4370860927152318,13.19,48,0.5208333333333334,25,0.08278145695364239,94,42,14,38,14.66,95,0.28421052631578947,27,0,7.45,364,0.8296703296703297,302,38,0.6052631578947368,23,0.076158940397351,0,0,21,3,,31,3,0.0967741935483871,52.41,59,0.7457627118644068,44,0.1456953642384106,76,11,30,35,0,4-3-1-2 (100.0%),6,6,1,0.16666666666666666,4,1,0.25,0.5,2,0.3333333333333333,0.5,4,2,3,0.6666666666666666,2,0.006622516556291391,0.8695652173913043,23,20,11,1,0.65
2021,2021-08-30,UNLV Rebels - UC San Diego Tritons 2:1,United States. NCAA D1 Non-conference matches,105,False,UC San Diego Tritons,34,0.5588235294117647,19,20.88,2.9,17.64,48,0.9375,45,0.189873417721519,14,2,4,0,0.0,6,2,0.3333333333333333,6,1,0.16666666666666666,1,4,73,0.6712328767123288,49,0.48,199,0.5326633165829145,106,122,0.6557377049180327,80,0.33755274261603374,22,3,0,-1,10,1,37,91,0.8681318681318682,79,0.3333333333333333,17.05,52,0.5384615384615384,28,0.11814345991561181,105,46,19,40,14.52,59,0.4745762711864407,28,5,12.3,305,0.7770491803278688,237,38,0.5789473684210527,22,0.09282700421940929,0,0,22,4,,14,1,0.07142857142857142,38.83,56,0.5714285714285714,32,0.1350210970464135,79,10,53,16,0,4-4-2 (100.0%),5,8,4,0.5,1,1,1.0,0.5,2,0.4,0.75,4,3,4,0.25,1,0.004219409282700422,0.65,20,13,9,3,0.52
2021,2021-08-30,UNLV Rebels - UC San Diego Tritons 2:1,United States. NCAA D1 Non-conference matches,105,True,UNLV Rebels,34,0.4411764705882353,15,21.67,4.61,14.73,57,0.9649122807017544,55,0.12557077625570776,14,1,6,2,0.3333333333333333,1,1,1.0,8,4,0.5,4,5,59,0.5254237288135594,31,0.6699999999999999,199,0.4371859296482412,87,179,0.7318435754189944,131,0.2990867579908676,15,4,1,1,5,2,38,235,0.9234042553191489,217,0.4954337899543379,11.52,59,0.576271186440678,34,0.0776255707762557,118,70,13,35,15.48,73,0.3287671232876712,24,1,7.72,512,0.85546875,438,72,0.5833333333333334,42,0.0958904109589041,0,0,20,7,,18,3,0.16666666666666666,61.17,92,0.8043478260869565,74,0.1689497716894977,69,6,36,27,0,4-1-3-2 (45.78%),8,5,2,0.4,2,0,0.0,0.0,4,0.5,0.6666666666666666,3,2,4,0.25,1,0.00228310502283105,0.85,20,17,13,2,1.33
2021,2021-09-04,UC San Diego Tritons - Marymount California Mariners 6:0,United States. NCAA D1 Non-conference matches,99,True,Marymount California Mariners,35,0.22857142857142856,8,18.35,3.92,26.24,57,0.8771929824561403,50,0.136986301369863,14,6,2,0,0.0,0,0,,2,1,0.5,1,1,112,0.6160714285714286,69,-0.52,258,0.44573643410852715,115,154,0.6753246753246753,104,0.28493150684931506,25,3,0,-6,12,0,39,156,0.9166666666666666,143,0.3917808219178082,11.86,53,0.4716981132075472,25,0.0684931506849315,117,42,20,55,15.41,88,0.3068181818181818,27,0,6.24,447,0.8165548098434005,365,50,0.52,26,0.07123287671232877,0,0,13,3,,19,7,0.3684210526315789,52.81,69,0.6666666666666666,46,0.12602739726027398,72,6,26,40,0,4-2-3-1 (100.0%),9,15,12,0.8,6,4,0.6666666666666666,0.8,5,0.5555555555555556,0.6,15,9,6,0.0,0,0.0,0.96,25,24,5,4,0.52
2021,2021-09-04,UC San Diego Tritons - Marymount California Mariners 6:0,United States. NCAA D1 Non-conference matches,99,False,UC San Diego Tritons,35,0.7142857142857143,25,18.44,2.8,16.98,55,0.9272727272727272,51,0.16943521594684385,7,0,5,1,0.2,2,1,0.5,6,1,0.16666666666666666,2,7,88,0.6931818181818182,61,3.69,258,0.5426356589147286,140,133,0.7218045112781954,96,0.31893687707641194,17,6,1,6,5,6,35,128,0.8984375,115,0.38205980066445183,12.37,46,0.5652173913043478,26,0.08637873754152824,128,56,11,61,14.35,112,0.38392857142857145,43,1,9.31,372,0.8091397849462365,301,39,0.6923076923076923,27,0.08970099667774087,0,0,16,9,,27,10,0.37037037037037035,47.19,68,0.6470588235294118,44,0.1461794019933555,95,12,30,53,0,4-4-2 (100.0%),15,9,5,0.5555555555555556,4,2,0.5,0.2222222222222222,9,0.6,0.3333333333333333,3,1,0,,0,0.0,0.6956521739130435,23,16,23,2,2.31
2021,2021-09-07,Portland Pilots - UC San Diego Tritons 1:0,United States. NCAA D1 Non-conference matches,98,True,Portland Pilots,30,0.4666666666666667,14,20.17,6.15,14.38,91,0.9340659340659341,85,0.14886164623467601,13,0,7,3,0.42857142857142855,2,0,0.0,17,3,0.17647058823529413,3,17,70,0.6571428571428571,46,-0.6799999999999999,257,0.5097276264591439,131,165,0.8303030303030303,137,0.23992994746059546,12,2,0,1,5,1,39,326,0.9171779141104295,299,0.5236427320490368,5.63,36,0.5833333333333334,21,0.03677758318739054,102,73,10,19,15.42,111,0.43243243243243246,48,0,4.63,640,0.8921875,571,98,0.8163265306122449,80,0.14010507880910683,0,0,32,6,,46,6,0.13043478260869565,71.09,97,0.9175257731958762,89,0.15586690017513136,83,16,24,43,0,4-1-4-1 (89.44%),9,4,2,0.5,3,2,0.6666666666666666,0.3333333333333333,6,0.6666666666666666,0.8571428571428571,7,6,5,0.6,3,0.005253940455341506,0.9230769230769231,13,12,23,5,1.68
2021,2021-09-07,Portland Pilots - UC San Diego Tritons 1:0,United States. NCAA D1 Non-conference matches,98,False,UC San Diego Tritons,30,0.5,15,21.17,2.77,23.09,40,0.875,35,0.1674641148325359,20,1,2,0,0.0,0,0,,7,1,0.14285714285714285,1,2,111,0.5675675675675675,63,-0.21,257,0.46303501945525294,119,100,0.68,68,0.3253588516746411,11,2,0,-1,11,0,35,97,0.845360824742268,82,0.3923444976076555,15.13,41,0.4634146341463415,19,0.09090909090909091,105,29,30,46,16.06,70,0.34285714285714286,24,1,26.47,271,0.7712177121771218,209,33,0.5454545454545454,18,0.0861244019138756,0,0,12,1,,22,4,0.18181818181818182,28.91,59,0.4745762711864407,28,0.1339712918660287,86,5,59,22,0,4-4-2 (100.0%),4,9,6,0.6666666666666666,3,1,0.3333333333333333,0.5,2,0.5,0.6,10,6,1,0.0,0,0.0,0.7894736842105263,19,15,2,0,0.21
2021,2021-09-12,UC San Diego Tritons - Santa Clara Broncos 0:1 (E),United States. NCAA D1 Non-conference matches,115,True,Santa Clara Broncos,47,0.40425531914893614,19,19.38,5.5,24.53,118,0.9152542372881356,108,0.16640986132511557,14,0,10,2,0.2,0,0,,22,6,0.2727272727272727,3,11,85,0.6352941176470588,54,0.24,253,0.43873517786561267,111,246,0.7113821138211383,175,0.2696456086286595,11,0,0,1,11,1,51,305,0.921311475409836,281,0.43297380585516176,9.8,75,0.5866666666666667,44,0.06779661016949153,145,76,12,57,16.65,99,0.32323232323232326,32,1,10.38,765,0.8483660130718954,649,100,0.66,66,0.1016949152542373,0,0,29,3,,47,9,0.19148936170212766,64.59,117,0.8461538461538461,99,0.15254237288135594,113,18,48,47,0,3-4-1-2 (100.0%),11,12,5,0.4166666666666667,7,5,0.7142857142857143,0.7142857142857143,7,0.6363636363636364,0.3333333333333333,6,2,1,0.0,0,0.0,0.7931034482758621,29,23,16,3,0.76
2021,2021-09-12,UC San Diego Tritons - Santa Clara Broncos 0:1 (E),United States. NCAA D1 Non-conference matches,115,False,UC San Diego Tritons,47,0.46808510638297873,22,20.6,2.63,20.41,52,0.8846153846153846,46,0.16312056737588654,19,1,3,1,0.3333333333333333,2,1,0.5,12,2,0.16666666666666666,3,2,99,0.6767676767676768,67,-1.2,253,0.5217391304347826,132,165,0.6484848484848484,107,0.37943262411347517,2,4,0,-1,13,0,50,104,0.7596153846153846,79,0.2801418439716312,16.93,65,0.4307692307692308,28,0.09929078014184398,130,44,20,66,15.24,85,0.36470588235294116,31,1,29.58,384,0.734375,282,51,0.43137254901960786,22,0.07801418439716312,0,0,20,2,,30,9,0.3,35.41,73,0.5342465753424658,39,0.13829787234042554,93,6,53,34,0,4-4-2 (100.0%),12,11,8,0.7272727272727273,5,4,0.8,0.8,5,0.4166666666666667,1.0,2,2,2,0.0,0,0.0,0.90625,32,29,11,0,1.2
2021,2021-09-17,San Jose State Spartans - UC San Diego Tritons 0:2,United States. NCAA D1 Non-conference matches,93,True,San Jose State Spartans,31,0.4838709677419355,15,19.16,7.72,28.71,112,0.9017857142857143,101,0.14532374100719425,7,2,3,0,0.0,0,0,,24,5,0.20833333333333334,4,1,55,0.6909090909090909,38,-0.12,193,0.5284974093264249,102,195,0.8717948717948718,170,0.2446043165467626,10,1,0,-2,5,0,40,378,0.8968253968253969,339,0.48776978417266187,4.23,33,0.7575757575757576,25,0.03597122302158273,97,58,5,34,16.73,75,0.5066666666666667,38,1,4.76,780,0.8910256410256411,695,85,0.8117647058823529,69,0.09928057553956834,0,0,29,6,,45,5,0.1111111111111111,77.16,84,0.8452380952380952,71,0.10215827338129496,70,9,25,36,0,4-1-4-1 (82.71%),6,10,3,0.3,6,1,0.16666666666666666,1.0,1,0.16666666666666666,0.25,4,1,6,0.16666666666666666,1,0.0014388489208633094,1.0,22,22,12,2,0.12
2021,2021-09-17,San Jose State Spartans - UC San Diego Tritons 0:2,United States. NCAA D1 Non-conference matches,93,False,UC San Diego Tritons,31,0.41935483870967744,13,19.18,2.35,14.51,43,0.7906976744186046,34,0.21794871794871795,19,0,3,2,0.6666666666666666,2,2,1.0,5,2,0.4,2,4,75,0.49333333333333335,37,0.07000000000000006,193,0.41450777202072536,80,98,0.5510204081632653,54,0.34615384615384615,7,3,2,2,7,2,40,64,0.734375,47,0.30128205128205127,14.58,35,0.4,14,0.08974358974358974,92,31,20,41,17.39,55,0.3090909090909091,17,3,31.89,240,0.65,156,29,0.3793103448275862,11,0.07051282051282051,0,0,11,1,,12,4,0.3333333333333333,22.84,52,0.4423076923076923,23,0.14743589743589744,67,8,31,28,0,4-4-2 (100.0%),10,6,2,0.3333333333333333,3,2,0.6666666666666666,0.6666666666666666,3,0.3,0.2,5,1,9,0.1111111111111111,1,0.00641025641025641,0.9,20,18,8,1,1.93
2021,2021-09-23,San Diego Toreros - UC San Diego Tritons 1:2,United States. NCAA D1 Non-conference matches,100,True,San Diego Toreros,35,0.4857142857142857,17,18.77,4.56,25.22,56,0.8928571428571429,50,0.1141552511415525,12,2,4,1,0.25,0,0,,14,5,0.35714285714285715,4,1,81,0.6172839506172839,50,0.77,220,0.4772727272727273,105,175,0.6571428571428571,115,0.2625570776255708,12,4,0,-1,5,1,34,211,0.943127962085308,199,0.454337899543379,12.76,68,0.36764705882352944,25,0.05707762557077625,137,71,16,50,16.51,80,0.3375,27,1,6.68,533,0.8217636022514071,438,59,0.4576271186440678,27,0.06164383561643835,0,0,20,5,,33,9,0.2727272727272727,60.46,61,0.7540983606557377,46,0.1050228310502283,84,15,32,37,0,4-2-3-1 (100.0%),11,14,7,0.5,8,1,0.125,0.5,2,0.18181818181818182,0.3333333333333333,6,2,1,0.0,0,0.0,1.0,32,32,10,3,0.23
2021,2021-09-23,San Diego Toreros - UC San Diego Tritons 1:2,United States. NCAA D1 Non-conference matches,100,False,UC San Diego Tritons,35,0.45714285714285713,16,20.61,2.61,16.54,43,0.9534883720930233,41,0.2,12,1,4,1,0.25,0,0,,8,6,0.75,5,7,80,0.6625,53,-0.1299999999999999,220,0.5,110,121,0.5454545454545454,66,0.32195121951219513,17,2,1,1,12,2,31,83,0.8072289156626506,67,0.32682926829268294,19.86,57,0.47368421052631576,27,0.13170731707317074,110,38,24,48,13.59,81,0.38271604938271603,31,3,13.29,287,0.7142857142857143,205,35,0.5142857142857142,18,0.08780487804878048,1,1,15,2,1.0,20,10,0.5,39.54,72,0.4722222222222222,34,0.16585365853658537,81,9,38,34,0,4-4-2 (95.25%),14,11,2,0.18181818181818182,5,2,0.4,0.2857142857142857,7,0.5,0.5,2,1,2,0.0,0,0.0,0.8181818181818182,22,18,15,2,2.13
2021,2021-09-30,UC San Diego Tritons - UC Davis Aggies 0:1,United States. NCAA D1 Big West,92,True,UC Davis Aggies,43,0.37209302325581395,16,21.76,3.74,20.25,57,0.9473684210526315,54,0.13636363636363635,21,0,5,1,0.2,2,1,0.5,12,5,0.4166666666666667,5,7,68,0.5882352941176471,40,-0.06000000000000005,229,0.4585152838427948,105,152,0.6842105263157895,104,0.26262626262626265,16,1,0,1,14,1,43,225,0.9111111111111111,205,0.5176767676767676,13.78,66,0.42424242424242425,28,0.0707070707070707,123,58,15,50,16.03,78,0.4358974358974359,34,0,6.47,479,0.826722338204593,396,75,0.56,42,0.10606060606060606,0,0,23,2,,29,7,0.2413793103448276,57.92,78,0.8205128205128205,64,0.16161616161616163,83,9,39,35,0,4-1-4-1 (100.0%),11,6,0,0.0,6,2,0.3333333333333333,0.5,4,0.36363636363636365,0.0,4,0,2,0.5,1,0.0025252525252525255,0.8611111111111112,36,31,16,0,1.06
2021,2021-09-30,UC San Diego Tritons - UC Davis Aggies 0:1,United States. NCAA D1 Big West,92,False,UC San Diego Tritons,43,0.5348837209302325,23,19.54,2.43,17.2,40,0.925,37,0.17370892018779344,15,1,4,1,0.25,3,0,0.0,13,2,0.15384615384615385,5,1,78,0.5641025641025641,44,-0.62,229,0.4978165938864629,114,151,0.5761589403973509,87,0.4084507042253521,11,4,2,-1,7,0,47,65,0.7384615384615385,48,0.22535211267605634,16.78,51,0.39215686274509803,20,0.09389671361502347,90,40,13,37,14.01,68,0.4117647058823529,28,3,10.63,304,0.7006578947368421,213,41,0.4878048780487805,20,0.09389671361502347,0,0,25,5,,26,3,0.11538461538461539,42.08,74,0.4594594594594595,34,0.1596244131455399,93,8,49,36,0,4-4-2 (100.0%),6,11,4,0.36363636363636365,2,0,0.0,,0,0.0,0.5,2,1,8,0.375,3,0.014084507042253521,0.8571428571428571,28,24,13,0,0.62
2021,2021-10-03,UC San Diego Tritons - Cal State Fullerton Titans 3:1,United States. NCAA D1 Big West,95,True,Cal State Fullerton Titans,54,0.5555555555555556,30,19.77,4.62,23.96,75,0.9066666666666666,68,0.14655172413793102,13,3,3,1,0.3333333333333333,2,1,0.5,23,8,0.34782608695652173,8,5,82,0.573170731707317,47,0.18000000000000005,288,0.5,144,170,0.7352941176470589,125,0.26939655172413796,12,2,0,-2,8,1,43,239,0.8619246861924686,206,0.44396551724137934,11.99,67,0.5970149253731343,40,0.08620689655172414,122,81,13,28,15.09,106,0.4811320754716981,51,2,5.37,559,0.8300536672629696,464,95,0.6105263157894737,58,0.125,0,0,31,2,,38,13,0.34210526315789475,66.65,80,0.8375,67,0.14439655172413793,101,8,36,57,0,4-3-3 (100.0%),17,13,7,0.5384615384615384,12,2,0.16666666666666666,0.4,5,0.29411764705882354,0.6,5,3,6,0.16666666666666666,1,0.0021551724137931034,0.9375,32,30,11,2,0.82
2021,2021-10-03,UC San Diego Tritons - Cal State Fullerton Titans 3:1,United States. NCAA D1 Big West,95,False,UC San Diego Tritons,54,0.3888888888888889,21,21.8,2.45,19.01,34,0.9117647058823529,31,0.13963963963963963,17,1,2,1,0.5,2,2,1.0,6,3,0.5,3,5,106,0.5188679245283019,55,1.2,288,0.4513888888888889,130,134,0.6716417910447762,90,0.40540540540540543,10,4,2,2,11,3,54,97,0.8041237113402062,78,0.35135135135135137,15.15,45,0.5333333333333333,24,0.10810810810810811,112,41,21,50,16.02,82,0.4268292682926829,35,0,15.84,297,0.7474747474747475,222,44,0.6590909090909091,29,0.13063063063063063,0,0,20,4,,20,3,0.15,33.35,73,0.5753424657534246,42,0.1891891891891892,96,7,55,34,0,4-4-2 (100.0%),13,17,5,0.29411764705882354,6,0,0.0,0.0,6,0.46153846153846156,0.42857142857142855,7,3,6,0.6666666666666666,4,0.018018018018018018,0.75,20,15,12,1,1.8
2021,2021-10-07,Cal Poly Mustangs - UC San Diego Tritons 1:0,United States. NCAA D1 Big West,93,True,Cal Poly Mustangs,46,0.3695652173913043,17,19.9,4.62,21.12,64,0.90625,58,0.12946428571428573,15,0,5,2,0.4,0,0,,9,2,0.2222222222222222,2,5,67,0.5074626865671642,34,0.38,226,0.415929203539823,94,175,0.76,133,0.296875,13,2,0,1,5,1,33,222,0.8918918918918919,198,0.4419642857142857,8.92,47,0.48936170212765956,23,0.05133928571428571,122,60,22,40,16.54,69,0.37681159420289856,26,0,8.75,527,0.8500948766603416,448,65,0.7692307692307693,50,0.11160714285714286,0,0,21,1,,39,6,0.15384615384615385,61.08,77,0.7272727272727273,56,0.125,96,11,46,39,0,4-1-4-1 (100.0%),9,7,1,0.14285714285714285,6,1,0.16666666666666666,0.5,2,0.2222222222222222,0.0,1,0,0,,0,0.0,0.75,32,24,8,1,0.62
2021,2021-10-07,Cal Poly Mustangs - UC San Diego Tritons 1:0,United States. NCAA D1 Big West,93,False,UC San Diego Tritons,46,0.5434782608695652,25,20.7,2.6,18.03,35,0.8857142857142857,31,0.14418604651162792,22,1,4,2,0.5,1,0,0.0,11,4,0.36363636363636365,4,7,69,0.6231884057971014,43,-0.72,226,0.5176991150442478,117,111,0.6396396396396397,71,0.3302325581395349,9,3,1,-1,12,0,43,88,0.8295454545454546,73,0.3395348837209302,14.34,41,0.4634146341463415,19,0.08837209302325581,111,52,20,39,14.09,67,0.4925373134328358,33,0,15.56,286,0.7517482517482518,215,47,0.6170212765957447,29,0.13488372093023257,0,0,21,4,,19,4,0.21052631578947367,38.92,53,0.660377358490566,35,0.16279069767441862,88,17,37,34,0,4-4-2 (94.91%),7,9,2,0.2222222222222222,2,0,0.0,0.0,1,0.14285714285714285,1.0,3,3,4,0.75,3,0.013953488372093023,0.6956521739130435,23,16,14,0,0.72
2021,2021-10-10,CSUN Matadors - UC San Diego Tritons 1:0,United States. NCAA D1 Big West,99,True,CSUN Matadors,66,0.5454545454545454,36,18.73,3.69,23.86,54,0.9074074074074074,49,0.1416184971098266,27,0,1,1,1.0,1,1,1.0,9,1,0.1111111111111111,1,4,90,0.5666666666666667,51,0.48,268,0.47388059701492535,127,118,0.7033898305084746,83,0.2398843930635838,17,2,0,1,7,1,35,198,0.8686868686868687,172,0.49710982658959535,6.89,29,0.5517241379310345,16,0.046242774566473986,127,55,30,42,15.28,67,0.23880597014925373,16,0,6.14,421,0.8218527315914489,346,47,0.6595744680851063,31,0.08959537572254335,0,0,13,1,,28,7,0.25,58.03,77,0.6883116883116883,53,0.1531791907514451,91,5,43,43,0,5-4-1 (100.0%),11,9,4,0.4444444444444444,8,3,0.375,0.75,4,0.36363636363636365,0.6363636363636364,11,7,1,0.0,0,0.0,0.7083333333333334,24,17,6,4,0.52
2021,2021-10-10,CSUN Matadors - UC San Diego Tritons 1:0,United States. NCAA D1 Big West,99,False,UC San Diego Tritons,66,0.45454545454545453,30,19.97,2.4,20.2,56,0.8214285714285714,46,0.2026431718061674,14,1,4,1,0.25,2,1,0.5,8,3,0.375,3,0,67,0.7611940298507462,51,-0.46,268,0.5,134,117,0.6923076923076923,81,0.3568281938325991,14,6,1,-1,9,0,35,86,0.8488372093023255,73,0.32158590308370044,13.0,39,0.5897435897435898,23,0.1013215859030837,131,59,28,44,15.05,90,0.43333333333333335,39,1,10.93,300,0.7566666666666667,227,44,0.7045454545454546,31,0.13656387665198239,0,0,10,1,,35,6,0.17142857142857143,41.97,75,0.6533333333333333,49,0.21585903083700442,81,14,33,34,0,4-4-2 (91.82%),9,11,4,0.36363636363636365,5,1,0.2,0.25,4,0.4444444444444444,1.0,1,1,0,,0,0.0,0.775,40,31,8,1,0.46
2021,2021-10-14,UC San Diego Tritons - UC Santa Barbara Gauchos 0:1,United States. NCAA D1 Big West,101,False,UC San Diego Tritons,37,0.43243243243243246,16,20.82,3.18,25.69,62,0.9354838709677419,58,0.22053231939163498,7,1,1,1,1.0,2,2,1.0,9,1,0.1111111111111111,1,2,78,0.6153846153846154,48,-0.32,230,0.48695652173913045,112,125,0.64,80,0.3041825095057034,7,1,0,-1,10,0,41,113,0.8407079646017699,95,0.3612167300380228,12.65,43,0.6046511627906976,26,0.09885931558935361,110,43,24,43,14.68,72,0.3888888888888889,28,2,25.63,340,0.7735294117647059,263,53,0.6226415094339622,33,0.12547528517110265,0,0,16,1,,28,3,0.10714285714285714,35.92,75,0.6266666666666667,47,0.17870722433460076,97,9,50,38,0,4-4-2 (100.0%),5,14,4,0.2857142857142857,4,2,0.5,0.6666666666666666,3,0.6,1.0,4,4,2,0.0,0,0.0,0.7916666666666666,24,19,7,0,0.32
2021,2021-10-14,UC San Diego Tritons - UC Santa Barbara Gauchos 0:1,United States. NCAA D1 Big West,101,True,UC Santa Barbara Gauchos,37,0.5135135135135135,19,18.23,6.71,21.35,103,0.970873786407767,100,0.15267175572519084,16,0,4,1,0.25,1,1,1.0,11,2,0.18181818181818182,1,16,72,0.6111111111111112,44,-0.3999999999999999,230,0.5,115,194,0.7938144329896907,154,0.23511450381679388,8,0,0,1,8,1,43,340,0.9294117647058824,316,0.48244274809160304,5.56,41,0.5121951219512195,21,0.03206106870229008,101,56,13,32,17.86,78,0.38461538461538464,30,0,6.22,738,0.8875338753387534,655,85,0.7529411764705882,64,0.09770992366412214,0,0,32,7,,39,12,0.3076923076923077,64.08,82,0.8414634146341463,69,0.10534351145038168,96,18,39,39,0,4-2-3-1 (100.0%),14,5,3,0.6,9,1,0.1111111111111111,0.5,2,0.14285714285714285,0.5,6,3,9,0.3333333333333333,3,0.004580152671755725,1.0,22,22,23,0,1.4
2021,2021-10-17,Sacramento State Hornets - UC San Diego Tritons 2:1 (E),United States. NCAA D1 Big West,100,True,Sacramento State Hornets,71,0.5915492957746479,42,22.61,4.03,19.11,58,0.896551724137931,52,0.1319796954314721,11,1,8,3,0.375,0,0,,18,9,0.5,8,14,104,0.6730769230769231,70,0.52,325,0.5169230769230769,168,161,0.6956521739130435,112,0.28426395939086296,9,1,0,1,12,2,48,210,0.9,189,0.4796954314720812,13.64,66,0.5303030303030303,35,0.08883248730964467,132,80,19,33,14.13,109,0.3761467889908257,41,2,6.71,484,0.8140495867768595,394,86,0.6976744186046512,60,0.15228426395939088,0,0,33,7,,48,14,0.2916666666666667,57.89,99,0.7878787878787878,78,0.19796954314720813,103,20,39,44,0,4-1-4-1 (100.0%),19,16,6,0.375,9,1,0.1111111111111111,0.14285714285714285,7,0.3684210526315789,0.4,5,2,7,0.7142857142857143,5,0.012690355329949238,0.9411764705882353,17,16,28,0,1.48
2021,2021-10-17,Sacramento State Hornets - UC San Diego Tritons 2:1 (E),United States. NCAA D1 Big West,100,False,UC San Diego Tritons,71,0.323943661971831,23,20.45,2.66,16.54,42,0.9047619047619048,38,0.152,23,2,3,2,0.6666666666666666,2,2,1.0,9,6,0.6666666666666666,7,7,109,0.6238532110091743,68,-1.6099999999999999,325,0.4276923076923077,139,121,0.6446280991735537,78,0.312,3,4,0,-1,15,1,29,105,0.8571428571428571,90,0.36,16.15,52,0.6153846153846154,32,0.128,141,56,44,41,12.92,104,0.3269230769230769,34,2,18.17,322,0.7763975155279503,250,48,0.625,30,0.12,0,0,19,7,,32,9,0.28125,42.11,76,0.6710526315789473,51,0.204,96,19,57,20,0,4-4-2 (100.0%),16,19,7,0.3684210526315789,3,2,0.6666666666666666,0.3333333333333333,6,0.375,0.3333333333333333,3,1,6,0.3333333333333333,2,0.008,0.75,24,18,23,1,2.61
2021,2021-10-21,UC Irvine Anteaters - UC San Diego Tritons 2:0,United States. NCAA D1 Big West,95,True,UC Irvine Anteaters,48,0.5208333333333334,25,21.66,4.55,21.88,79,0.9746835443037974,77,0.17865429234338748,36,0,5,3,0.6,1,0,0.0,10,3,0.3,2,5,79,0.6455696202531646,51,0.09000000000000008,247,0.43724696356275305,108,137,0.7226277372262774,99,0.2296983758700696,7,1,0,2,7,2,38,240,0.9083333333333333,218,0.505800464037123,9.98,50,0.48,24,0.05568445475638051,109,58,19,32,14.5,86,0.27906976744186046,24,0,6.58,501,0.8602794411177644,431,81,0.7037037037037037,57,0.13225058004640372,0,0,21,0,,31,8,0.25806451612903225,62.29,62,0.8387096774193549,52,0.12064965197215777,83,11,34,38,0,4-2-3-1 (100.0%),12,9,4,0.4444444444444444,7,3,0.42857142857142855,0.5,6,0.5,0.5,6,3,0,,0,0.0,0.9473684210526315,19,18,7,0,1.91
2021,2021-10-21,UC Irvine Anteaters - UC San Diego Tritons 2:0,United States. NCAA D1 Big West,95,False,UC San Diego Tritons,48,0.4583333333333333,22,24.9,2.85,20.36,55,0.8727272727272727,48,0.20168067226890757,7,2,7,1,0.14285714285714285,0,0,,15,5,0.3333333333333333,5,5,86,0.7209302325581395,62,-0.58,247,0.5182186234817814,128,123,0.6585365853658537,81,0.3403361344537815,8,1,0,-2,13,0,52,113,0.8495575221238938,96,0.40336134453781514,15.29,48,0.5416666666666666,26,0.1092436974789916,107,49,15,43,15.01,79,0.35443037974683544,28,3,8.75,314,0.7579617834394905,238,49,0.5510204081632653,27,0.1134453781512605,0,0,20,4,,35,8,0.22857142857142856,37.71,72,0.6527777777777778,47,0.19747899159663865,85,11,43,31,1,4-4-2 (88.52%),9,12,6,0.5,4,1,0.25,0.25,4,0.4444444444444444,0.6666666666666666,3,2,1,0.0,0,0.0,0.8529411764705882,34,29,12,1,0.58
2021,2021-10-24,UC San Diego Tritons - CSU Bakersfield Roadrunners 0:2,United States. NCAA D1 Big West,102,True,CSU Bakersfield Roadrunners,50,0.44,22,19.85,3.72,24.58,57,0.8947368421052632,51,0.1401098901098901,31,0,3,0,0.0,1,1,1.0,13,4,0.3076923076923077,3,4,103,0.5728155339805825,59,1.1800000000000002,267,0.50187265917603,134,158,0.6582278481012658,104,0.2857142857142857,11,2,0,2,8,2,32,174,0.9022988505747126,157,0.43131868131868134,10.22,46,0.5,23,0.06318681318681318,135,68,24,43,16.83,76,0.39473684210526316,30,0,6.91,450,0.8088888888888889,364,77,0.5714285714285714,44,0.12087912087912088,0,0,19,1,,27,9,0.3333333333333333,52.3,68,0.7941176470588235,54,0.14835164835164835,99,8,45,46,0,4-2-3-1 (93.5%),12,10,4,0.4,9,3,0.3333333333333333,0.5,6,0.5,0.25,16,4,9,0.3333333333333333,3,0.008241758241758242,1.0,26,26,10,1,0.82
2021,2021-10-24,UC San Diego Tritons - CSU Bakersfield Roadrunners 0:2,United States. NCAA D1 Big West,102,False,UC San Diego Tritons,50,0.4,20,22.58,2.5,18.09,49,0.8979591836734694,44,0.17120622568093385,11,2,5,1,0.2,4,3,0.75,11,4,0.36363636363636365,5,3,76,0.6052631578947368,46,-0.58,267,0.44569288389513106,119,144,0.6666666666666666,96,0.3735408560311284,17,2,0,-2,8,0,31,110,0.8363636363636363,92,0.35797665369649806,14.79,50,0.52,26,0.10116731517509728,126,65,14,47,13.86,103,0.42718446601941745,44,1,11.9,338,0.7603550295857988,257,61,0.639344262295082,39,0.1517509727626459,0,0,17,3,,37,6,0.16216216216216217,47.7,74,0.7567567567567568,56,0.2178988326848249,90,8,47,35,0,4-2-3-1 (87.95%),10,12,6,0.5,4,1,0.25,0.25,4,0.4,0.6666666666666666,3,2,1,0.0,0,0.0,0.9302325581395349,43,40,14,2,0.58
2021,2021-10-31,UC Riverside Highlanders - UC San Diego Tritons 1:2,United States. NCAA D1 Big West,101,True,UC Riverside Highlanders,25,0.44,11,21.04,5.06,17.96,57,0.9122807017543859,52,0.11504424778761062,11,2,3,1,0.3333333333333333,0,0,,11,0,0.0,0,2,76,0.6710526315789473,51,0.69,230,0.5,115,158,0.7088607594936709,112,0.24778761061946902,11,4,1,-1,13,1,32,246,0.9146341463414634,225,0.497787610619469,8.97,49,0.3877551020408163,19,0.0420353982300885,113,67,13,33,15.31,97,0.3917525773195876,38,2,11.17,546,0.8278388278388278,452,74,0.6756756756756757,50,0.11061946902654868,0,0,19,0,,28,2,0.07142857142857142,60.31,78,0.7051282051282052,55,0.12168141592920353,75,12,36,27,1,3-4-2-1 (19.34%),4,12,4,0.3333333333333333,2,1,0.5,0.5,2,0.5,0.6666666666666666,3,2,6,0.0,0,0.0,0.96,25,24,7,0,0.31
2021,2021-10-31,UC Riverside Highlanders - UC San Diego Tritons 1:2,United States. NCAA D1 Big West,101,False,UC San Diego Tritons,25,0.4,10,19.71,3.28,21.05,48,0.9166666666666666,44,0.1461794019933555,17,1,2,0,0.0,3,0,0.0,6,1,0.16666666666666666,1,5,97,0.6082474226804123,59,0.53,230,0.4608695652173913,106,132,0.7045454545454546,93,0.3089700996677741,17,3,0,1,3,2,44,122,0.8852459016393442,108,0.3588039867109635,14.17,52,0.4807692307692308,25,0.08305647840531562,94,47,16,31,15.64,76,0.32894736842105265,25,2,12.42,367,0.8201634877384196,301,59,0.6101694915254238,36,0.11960132890365449,1,1,17,2,1.0,34,10,0.29411764705882354,39.69,70,0.7142857142857143,50,0.16611295681063123,95,11,50,34,0,4-4-2 (100.0%),12,4,3,0.75,9,3,0.3333333333333333,0.75,4,0.3333333333333333,0.5,6,3,9,0.6666666666666666,6,0.019933554817275746,0.7619047619047619,21,16,6,4,1.47
2022,2022-08-26,Pacific Tigers - UC San Diego Tritons 1:3,United States. NCAA D1 Non-conference matches,98,True,Pacific Tigers,30,0.5666666666666667,17,18.13,6.74,16.85,105,0.9428571428571428,99,0.15664556962025317,17,3,6,2,0.3333333333333333,0,0,,11,2,0.18181818181818182,4,11,87,0.5057471264367817,44,-0.55,250,0.432,108,177,0.807909604519774,143,0.22626582278481014,11,1,0,-2,2,1,40,319,0.9341692789968652,298,0.47151898734177217,6.99,49,0.6530612244897959,32,0.05063291139240506,95,47,17,31,18.72,97,0.36082474226804123,35,0,5.87,701,0.9015691868758916,632,75,0.8,60,0.0949367088607595,1,1,30,5,1.0,39,6,0.15384615384615385,65.95,92,0.782608695652174,72,0.11392405063291139,70,10,33,27,0,4-2-3-1 (100.0%),10,8,5,0.625,3,1,0.3333333333333333,0.16666666666666666,6,0.6,0.3333333333333333,6,2,10,0.5,5,0.007911392405063292,0.9655172413793104,29,28,22,2,1.55
2022,2022-08-26,Pacific Tigers - UC San Diego Tritons 1:3,United States. NCAA D1 Non-conference matches,98,False,UC San Diego Tritons,30,0.43333333333333335,13,20.51,3.05,14.12,47,0.9787234042553191,46,0.19742489270386265,20,1,3,0,0.0,1,1,1.0,14,3,0.21428571428571427,3,3,97,0.6391752577319587,62,0.7799999999999998,250,0.548,137,115,0.6782608695652174,78,0.33476394849785407,10,3,0,2,7,3,34,92,0.8478260869565217,78,0.33476394849785407,13.65,40,0.5,20,0.08583690987124463,94,41,20,33,15.15,87,0.4942528735632184,43,2,21.61,293,0.7952218430034129,233,52,0.6538461538461539,34,0.1459227467811159,0,0,17,3,,27,6,0.2222222222222222,34.05,56,0.7857142857142857,44,0.1888412017167382,81,11,36,34,0,4-4-2 (47.7%),8,10,6,0.6,2,1,0.5,0.2,5,0.625,1.0,3,3,1,1.0,1,0.004291845493562232,0.7777777777777778,18,14,15,1,2.22
2022,2022-08-29,Santa Clara Broncos - UC San Diego Tritons 0:2,United States. NCAA D1 Non-conference matches,100,True,Santa Clara Broncos,54,0.3888888888888889,21,19.7,3.71,20.76,71,0.971830985915493,69,0.17829457364341086,21,2,9,2,0.2222222222222222,0,0,,14,5,0.35714285714285715,5,3,88,0.6590909090909091,58,-0.69,294,0.4557823129251701,134,177,0.655367231638418,116,0.2997416020671835,15,1,1,-2,3,0,46,151,0.9072847682119205,137,0.35400516795865633,14.44,69,0.4782608695652174,33,0.08527131782945736,132,79,13,40,15.92,105,0.34285714285714286,36,0,4.33,478,0.8096234309623431,387,78,0.5769230769230769,45,0.11627906976744186,0,0,28,2,,35,6,0.17142857142857143,58.98,70,0.7571428571428571,53,0.13695090439276486,99,9,53,37,0,3-4-1-2 (100.0%),10,5,2,0.4,6,2,0.3333333333333333,1.0,2,0.2,0.7142857142857143,7,5,2,0.0,0,0.0,0.9166666666666666,24,22,7,1,0.69
2022,2022-08-29,Santa Clara Broncos - UC San Diego Tritons 0:2,United States. NCAA D1 Non-conference matches,100,False,UC San Diego Tritons,54,0.5370370370370371,29,18.59,2.31,14.88,44,0.9090909090909091,40,0.18867924528301888,14,0,2,0,0.0,2,0,0.0,9,4,0.4444444444444444,4,2,105,0.6571428571428571,69,1.28,294,0.5,147,145,0.6275862068965518,91,0.42924528301886794,13,2,0,2,6,2,50,68,0.75,51,0.24056603773584906,12.93,38,0.42105263157894735,16,0.07547169811320754,118,50,28,40,14.08,88,0.3409090909090909,30,4,10.88,294,0.7210884353741497,212,46,0.6304347826086957,29,0.13679245283018868,0,0,15,1,,31,4,0.12903225806451613,41.02,74,0.6351351351351351,47,0.22169811320754718,89,9,50,30,0,4-4-2 (35.41%),5,10,2,0.2,0,0,,0.0,2,0.4,0.2,5,1,5,0.2,1,0.0047169811320754715,0.65,40,26,7,1,0.72
2022,2022-09-03,UC San Diego Tritons - Utah Tech Trailblazers 1:0,United States. NCAA D1 Non-conference matches,96,False,UC San Diego Tritons,29,0.41379310344827586,12,21.46,3.4,15.13,55,0.9454545454545454,52,0.17105263157894737,8,0,8,0,0.0,1,0,0.0,17,3,0.17647058823529413,2,5,83,0.5783132530120482,48,0.32999999999999996,213,0.4694835680751174,100,141,0.6950354609929078,98,0.3223684210526316,18,4,0,1,6,1,46,140,0.8571428571428571,120,0.39473684210526316,10.68,41,0.5121951219512195,21,0.06907894736842106,118,76,10,32,15.57,73,0.4383561643835616,32,2,9.07,384,0.7916666666666666,304,66,0.696969696969697,46,0.1513157894736842,0,0,24,6,,35,5,0.14285714285714285,44.83,72,0.8194444444444444,59,0.19407894736842105,84,27,28,29,0,4-4-2 (100.0%),6,7,1,0.14285714285714285,2,1,0.5,0.3333333333333333,3,0.5,0.25,4,1,8,0.25,2,0.006578947368421052,0.9,30,27,16,2,0.67
2022,2022-09-03,UC San Diego Tritons - Utah Tech Trailblazers 1:0,United States. NCAA D1 Non-conference matches,96,True,Utah Tech Trailblazers,29,0.5862068965517241,17,20.5,4.42,20.59,91,0.9340659340659341,85,0.20481927710843373,32,1,1,0,0.0,0,0,,3,1,0.3333333333333333,1,5,73,0.5616438356164384,41,-0.53,213,0.49765258215962443,106,162,0.7160493827160493,116,0.27951807228915665,12,3,0,-1,9,0,51,177,0.9265536723163842,164,0.39518072289156625,10.18,50,0.56,28,0.06746987951807229,105,43,38,24,16.17,83,0.42168674698795183,35,1,15.33,491,0.845213849287169,415,60,0.6,36,0.08674698795180723,0,0,11,1,,23,6,0.2608695652173913,55.17,72,0.6666666666666666,48,0.11566265060240964,70,4,48,18,1,4-1-4-1 (43.75%),7,6,4,0.6666666666666666,4,0,0.0,0.0,1,0.14285714285714285,0.375,8,3,3,0.3333333333333333,1,0.0024096385542168677,1.0,25,25,10,1,0.53
2022,2022-09-05,UC San Diego Tritons - Berkeley Golden Bears 1:1,United States. NCAA D1 Non-conference matches,93,True,Berkeley Golden Bears,37,0.4864864864864865,18,21.74,5.1,21.39,91,0.9340659340659341,85,0.17819706498951782,18,1,7,2,0.2857142857142857,1,0,0.0,12,5,0.4166666666666667,5,5,65,0.6153846153846154,40,0.13,207,0.463768115942029,96,163,0.7361963190184049,120,0.25157232704402516,14,1,0,0,10,1,35,245,0.9306122448979591,228,0.4779874213836478,8.99,50,0.48,24,0.050314465408805034,116,50,34,32,17.08,75,0.32,24,1,7.74,556,0.8579136690647482,477,70,0.6857142857142857,48,0.10062893081761007,0,0,21,3,,29,8,0.27586206896551724,63.12,90,0.7777777777777778,70,0.14675052410901468,84,10,46,28,0,3-4-1-2 (100.0%),12,5,1,0.2,8,2,0.25,1.0,2,0.16666666666666666,0.6666666666666666,9,6,1,0.0,0,0.0,0.75,20,15,16,0,0.87
2022,2022-09-05,UC San Diego Tritons - Berkeley Golden Bears 1:1,United States. NCAA D1 Non-conference matches,93,False,UC San Diego Tritons,37,0.32432432432432434,12,21.82,2.36,19.24,40,0.825,33,0.17010309278350516,15,1,4,1,0.25,1,0,0.0,13,2,0.15384615384615385,2,0,75,0.68,51,0.08999999999999997,207,0.4782608695652174,99,110,0.6636363636363637,73,0.37628865979381443,6,4,0,0,7,1,48,79,0.7468354430379747,59,0.30412371134020616,14.13,38,0.5263157894736842,20,0.10309278350515463,120,68,19,33,14.14,65,0.38461538461538464,25,0,15.68,269,0.7211895910780669,194,46,0.6739130434782609,31,0.15979381443298968,1,1,19,0,1.0,35,2,0.05714285714285714,36.88,62,0.6774193548387096,42,0.21649484536082475,91,24,36,31,0,4-4-2 (100.0%),5,12,2,0.16666666666666666,3,0,0.0,0.0,1,0.2,0.7,10,7,1,0.0,0,0.0,0.78125,32,25,7,1,0.91
2022,2022-09-10,UC San Diego Tritons - Denver Pioneers 0:2,United States. NCAA D1 Non-conference matches,102,True,Denver Pioneers,39,0.6153846153846154,24,17.69,4.88,14.08,99,0.9696969696969697,96,0.1791044776119403,29,0,7,3,0.42857142857142855,0,0,,14,4,0.2857142857142857,3,4,75,0.6133333333333333,46,-0.20999999999999996,253,0.4782608695652174,121,207,0.7777777777777778,161,0.3003731343283582,12,3,0,2,8,2,50,222,0.8783783783783784,195,0.36380597014925375,8.49,53,0.5283018867924528,28,0.05223880597014925,123,53,20,50,18.37,111,0.3333333333333333,37,0,4.94,624,0.8589743589743589,536,67,0.6417910447761194,43,0.08022388059701492,1,1,26,2,1.0,34,2,0.058823529411764705,65.77,81,0.7160493827160493,58,0.10820895522388059,94,14,43,37,0,4-2-3-1 (93.21%),8,8,0,0.0,2,1,0.5,0.25,4,0.5,0.0,1,0,14,0.42857142857142855,6,0.011194029850746268,0.8666666666666667,30,26,18,1,2.21
2022,2022-09-10,UC San Diego Tritons - Denver Pioneers 0:2,United States. NCAA D1 Non-conference matches,102,False,UC San Diego Tritons,39,0.3333333333333333,13,22.72,2.36,19.67,43,0.9302325581395349,40,0.20833333333333334,14,2,2,1,0.5,0,0,,18,5,0.2777777777777778,5,1,111,0.6666666666666666,74,-0.57,253,0.4901185770750988,124,123,0.5691056910569106,70,0.3645833333333333,14,2,0,-2,10,0,36,76,0.8289473684210527,63,0.328125,19.71,54,0.4074074074074074,22,0.11458333333333333,113,51,15,47,15.5,75,0.38666666666666666,29,0,16.59,274,0.7007299270072993,192,56,0.5714285714285714,32,0.16666666666666666,0,0,11,2,,31,6,0.1935483870967742,34.23,68,0.5441176470588235,37,0.19270833333333334,86,16,40,30,0,4-4-2 (69.49%),8,8,4,0.5,2,0,0.0,,0,0.0,0.25,4,1,1,1.0,1,0.005208333333333333,0.6756756756756757,37,25,12,2,0.57
2022,2022-09-12,UC San Diego Tritons - UNLV Rebels 1:0,United States. NCAA D1 Non-conference matches,97,False,UC San Diego Tritons,50,0.4,20,23.17,2.11,17.51,43,0.9302325581395349,40,0.2,20,0,5,3,0.6,0,0,,19,5,0.2631578947368421,5,3,56,0.7321428571428571,41,-0.5900000000000001,213,0.4413145539906103,94,129,0.5736434108527132,74,0.37,7,1,1,1,8,1,38,89,0.8089887640449438,72,0.36,20.56,59,0.4067796610169492,24,0.12,129,70,11,48,13.78,69,0.2898550724637681,20,1,15.86,287,0.6968641114982579,200,50,0.6,30,0.15,1,1,23,6,1.0,34,9,0.2647058823529412,45.41,69,0.6086956521739131,42,0.21,87,20,30,37,0,4-3-2-1 (48.55%),13,12,3,0.25,6,1,0.16666666666666666,0.3333333333333333,3,0.23076923076923078,,0,0,0,,0,0.0,0.7948717948717948,39,31,21,1,1.59
2022,2022-09-12,UC San Diego Tritons - UNLV Rebels 1:0,United States. NCAA D1 Non-conference matches,97,True,UNLV Rebels,50,0.46,23,20.78,3.43,19.25,50,0.88,44,0.14057507987220447,18,1,4,4,1.0,0,0,,13,3,0.23076923076923078,4,8,69,0.7101449275362319,49,-0.85,213,0.49765258215962443,106,160,0.575,92,0.2939297124600639,13,0,0,-1,9,0,45,164,0.8719512195121951,143,0.45686900958466453,11.93,50,0.26,13,0.04153354632587859,132,46,35,51,16.74,56,0.26785714285714285,15,3,5.75,419,0.747016706443914,313,65,0.5692307692307692,37,0.1182108626198083,0,0,33,3,,26,6,0.23076923076923078,54.59,84,0.5833333333333334,49,0.15654952076677317,82,7,45,30,0,4-3-2-1 (100.0%),12,13,3,0.23076923076923078,4,1,0.25,0.3333333333333333,3,0.25,0.75,4,3,2,0.0,0,0.0,0.925,40,37,14,3,0.85
2022,2022-09-16,UC San Diego Tritons - San Diego Toreros 0:0,United States. NCAA D1 Non-conference matches,93,True,San Diego Toreros,55,0.5272727272727272,29,19.66,4.49,21.67,89,0.8202247191011236,73,0.17761557177615572,13,0,6,2,0.3333333333333333,0,0,,13,1,0.07692307692307693,1,10,90,0.6111111111111112,55,-0.79,254,0.5354330708661418,136,185,0.6810810810810811,126,0.30656934306569344,12,3,0,0,9,0,44,179,0.8770949720670391,157,0.3819951338199513,13.71,72,0.5138888888888888,37,0.09002433090024331,132,73,11,48,16.48,78,0.4358974358974359,34,0,4.3,525,0.7828571428571428,411,85,0.611764705882353,52,0.12652068126520682,0,0,36,4,,40,12,0.3,60.5,88,0.7386363636363636,65,0.15815085158150852,100,17,37,46,0,3-4-1-2 (100.0%),14,13,4,0.3076923076923077,8,6,0.75,0.8571428571428571,7,0.5,0.42857142857142855,7,3,0,,0,0.0,0.84,25,21,19,2,0.79
2022,2022-09-16,UC San Diego Tritons - San Diego Toreros 0:0,United States. NCAA D1 Non-conference matches,93,False,UC San Diego Tritons,55,0.36363636363636365,20,22.97,2.26,15.57,33,1.0,33,0.1683673469387755,19,0,3,2,0.6666666666666666,1,1,1.0,11,5,0.45454545454545453,4,7,78,0.5641025641025641,44,-1.39,254,0.4251968503937008,108,129,0.5658914728682171,73,0.37244897959183676,6,1,0,0,9,0,39,82,0.8292682926829268,68,0.3469387755102041,16.85,46,0.5,23,0.11734693877551021,137,43,35,59,13.12,90,0.3888888888888889,35,2,24.53,273,0.717948717948718,196,43,0.5116279069767442,22,0.11224489795918367,0,0,19,1,,24,10,0.4166666666666667,39.5,74,0.6081081081081081,45,0.22959183673469388,96,12,48,36,0,4-4-1-1 (100.0%),13,14,8,0.5714285714285714,4,1,0.25,0.3333333333333333,3,0.23076923076923078,0.5,2,1,2,0.5,1,0.00510204081632653,0.625,32,20,17,1,1.39
2022,2022-09-19,Gonzaga Bulldogs - UC San Diego Tritons 2:0,United States. NCAA D1 Non-conference matches,100,True,Gonzaga Bulldogs,35,0.4857142857142857,17,20.0,4.29,20.95,60,1.0,60,0.14354066985645933,26,0,7,2,0.2857142857142857,1,0,0.0,19,5,0.2631578947368421,6,9,75,0.6933333333333334,52,0.33000000000000007,260,0.5269230769230769,137,158,0.7848101265822784,124,0.2966507177033493,12,2,0,2,6,2,33,204,0.8823529411764706,180,0.430622009569378,11.66,57,0.6140350877192983,35,0.08373205741626795,97,46,19,32,14.63,105,0.41904761904761906,44,1,7.68,489,0.8548057259713702,418,63,0.746031746031746,47,0.11244019138755981,0,0,29,8,,37,14,0.3783783783783784,62.46,78,0.7564102564102564,59,0.14114832535885166,97,17,46,34,0,4-3-3 (36.02%),22,7,4,0.5714285714285714,11,4,0.36363636363636365,0.4444444444444444,9,0.4090909090909091,0.42857142857142855,7,3,1,1.0,1,0.0023923444976076554,0.8947368421052632,19,17,21,2,1.67
2022,2022-09-19,Gonzaga Bulldogs - UC San Diego Tritons 2:0,United States. NCAA D1 Non-conference matches,100,False,UC San Diego Tritons,35,0.4857142857142857,17,20.74,2.82,27.42,43,0.8837209302325582,38,0.16521739130434782,20,2,4,1,0.25,0,0,,11,4,0.36363636363636365,5,3,105,0.580952380952381,61,-0.41,260,0.4307692307692308,112,115,0.6956521739130435,80,0.34782608695652173,12,4,0,-2,9,0,34,98,0.8367346938775511,82,0.3565217391304348,13.51,40,0.525,21,0.09130434782608696,114,58,25,31,14.73,75,0.30666666666666664,23,1,16.86,296,0.777027027027027,230,56,0.6964285714285714,39,0.16956521739130434,0,0,16,1,,29,4,0.13793103448275862,37.54,74,0.7702702702702703,57,0.24782608695652175,79,15,37,27,0,4-3-1-2 (62.19%),7,22,9,0.4090909090909091,5,2,0.4,1.0,2,0.2857142857142857,0.2857142857142857,7,2,4,0.75,3,0.013043478260869565,0.7777777777777778,27,21,7,2,0.41
2022,2022-09-25,San Diego State Aztecs - UC San Diego Tritons 1:0,United States. NCAA D1 Non-conference matches,94,True,San Diego State Aztecs,35,0.42857142857142855,15,17.34,5.4,21.8,82,0.9146341463414634,75,0.1391465677179963,26,0,4,1,0.25,4,1,0.25,10,2,0.2,2,8,53,0.6037735849056604,32,-0.07000000000000006,191,0.5392670157068062,103,221,0.7330316742081447,162,0.300556586270872,11,3,0,1,7,1,47,255,0.9333333333333333,238,0.44155844155844154,5.29,34,0.5294117647058824,18,0.03339517625231911,124,64,19,41,17.71,63,0.49206349206349204,31,2,5.13,643,0.838258164852255,539,75,0.68,51,0.09461966604823747,0,0,25,5,,43,11,0.2558139534883721,65.98,87,0.6666666666666666,58,0.10760667903525047,112,18,35,59,0,3-4-3 (100.0%),14,8,3,0.375,9,3,0.3333333333333333,0.6,5,0.35714285714285715,1.0,3,3,2,0.0,0,0.0,0.9523809523809523,21,20,18,0,1.07
2022,2022-09-25,San Diego State Aztecs - UC San Diego Tritons 1:0,United States. NCAA D1 Non-conference matches,94,False,UC San Diego Tritons,35,0.5714285714285714,20,18.0,2.83,25.28,39,0.8974358974358975,35,0.1483050847457627,15,1,2,1,0.5,7,2,0.2857142857142857,11,4,0.36363636363636365,4,1,63,0.5079365079365079,32,-0.23,191,0.4397905759162304,84,126,0.6031746031746031,76,0.3220338983050847,11,3,0,-1,16,0,54,93,0.8279569892473119,77,0.326271186440678,13.88,44,0.4090909090909091,18,0.07627118644067797,125,42,30,53,16.93,53,0.39622641509433965,21,2,15.0,317,0.7444794952681388,236,40,0.625,25,0.1059322033898305,0,0,14,1,,22,4,0.18181818181818182,34.02,59,0.5423728813559322,32,0.13559322033898305,101,14,46,41,0,4-4-2 (100.0%),8,14,6,0.42857142857142855,7,3,0.42857142857142855,1.0,3,0.375,0.0,2,0,1,0.0,0,0.0,0.8571428571428571,21,18,9,0,0.23
2022,2022-09-29,UC Santa Barbara Gauchos - UC San Diego Tritons 1:0,United States. NCAA D1 Big West,95,False,UC San Diego Tritons,47,0.3829787234042553,18,20.14,2.61,21.29,46,0.8913043478260869,41,0.2019704433497537,39,1,0,0,,1,1,1.0,8,2,0.25,2,8,98,0.6836734693877551,67,-0.59,231,0.5064935064935064,117,108,0.7037037037037037,76,0.37438423645320196,14,4,0,-1,10,0,63,69,0.8405797101449275,58,0.2857142857142857,12.5,33,0.5454545454545454,18,0.08866995073891626,122,55,22,45,13.92,60,0.35,21,0,10.6,264,0.7689393939393939,203,50,0.74,37,0.18226600985221675,0,0,16,1,,23,5,0.21739130434782608,31.66,67,0.7611940298507462,51,0.2512315270935961,94,14,39,41,0,4-4-2 (100.0%),7,9,4,0.4444444444444444,4,1,0.25,0.3333333333333333,3,0.42857142857142855,0.7777777777777778,9,7,0,,0,0.0,0.8333333333333334,18,15,8,3,0.59
2022,2022-09-29,UC Santa Barbara Gauchos - UC San Diego Tritons 1:0,United States. NCAA D1 Big West,95,True,UC Santa Barbara Gauchos,47,0.5319148936170213,25,18.84,6.03,20.83,95,0.968421052631579,92,0.15282392026578073,11,0,5,2,0.4,0,0,,18,8,0.4444444444444444,7,12,60,0.65,39,-0.09000000000000008,231,0.47186147186147187,109,197,0.8274111675126904,163,0.2707641196013289,11,3,0,1,4,1,49,272,0.9007352941176471,245,0.4069767441860465,8.3,57,0.5789473684210527,33,0.054817275747508304,120,58,24,38,16.78,98,0.3163265306122449,31,2,6.54,687,0.87627365356623,602,78,0.7307692307692307,57,0.0946843853820598,1,1,29,2,1.0,45,5,0.1111111111111111,68.34,107,0.7663551401869159,82,0.1362126245847176,105,12,42,51,0,4-2-3-1 (100.0%),9,7,3,0.42857142857142855,4,1,0.25,0.3333333333333333,3,0.3333333333333333,,0,0,0,,0,0.0,0.9523809523809523,21,20,14,1,1.09
2022,2022-10-02,UC San Diego Tritons - Sacramento State Hornets 3:2,United States. NCAA D1 Big West,98,True,Sacramento State Hornets,41,0.36585365853658536,15,22.39,5.17,19.3,67,0.9850746268656716,66,0.14442013129102846,6,3,2,1,0.5,0,0,,5,1,0.2,1,7,92,0.5978260869565217,55,1.12,226,0.42920353982300885,97,174,0.7068965517241379,123,0.26914660831509846,18,2,0,-1,10,2,17,228,0.9517543859649122,217,0.474835886214442,9.49,50,0.46,23,0.05032822757111598,89,47,9,33,14.71,71,0.2535211267605634,18,1,8.62,527,0.8671726755218216,457,77,0.6233766233766234,48,0.1050328227571116,0,0,23,2,,27,8,0.2962962962962963,62.9,84,0.8095238095238095,68,0.1487964989059081,59,3,24,32,0,4-1-4-1 (100.0%),9,14,5,0.35714285714285715,5,1,0.2,0.25,4,0.4444444444444444,0.0,1,0,3,0.6666666666666666,2,0.00437636761487965,0.9130434782608695,23,21,10,2,0.88
2022,2022-10-02,UC San Diego Tritons - Sacramento State Hornets 3:2,United States. NCAA D1 Big West,98,False,UC San Diego Tritons,41,0.5609756097560976,23,20.16,3.15,17.4,57,0.8771929824561403,50,0.1976284584980237,14,2,3,0,0.0,4,3,0.75,13,5,0.38461538461538464,6,6,71,0.7464788732394366,53,1.39,226,0.5398230088495575,122,131,0.6870229007633588,90,0.3557312252964427,10,3,2,1,8,3,35,81,0.8765432098765432,71,0.28063241106719367,14.15,45,0.4222222222222222,19,0.07509881422924901,90,39,9,42,15.04,92,0.40217391304347827,37,6,16.31,318,0.7955974842767296,253,46,0.6086956521739131,28,0.11067193675889328,0,0,20,2,,28,6,0.21428571428571427,37.1,75,0.6666666666666666,50,0.1976284584980237,74,7,35,32,0,4-4-2 (100.0%),14,9,4,0.4444444444444444,4,1,0.25,0.25,4,0.2857142857142857,0.6666666666666666,3,2,4,0.5,2,0.007905138339920948,0.8571428571428571,14,12,21,0,1.61
2022,2022-10-06,UC San Diego Tritons - UC Riverside Highlanders 0:1,United States. NCAA D1 Big West,110,True,UC Riverside Highlanders,33,0.3333333333333333,11,19.81,4.76,17.02,57,0.8947368421052632,51,0.136,26,0,2,1,0.5,1,0,0.0,6,3,0.5,3,2,94,0.6170212765957447,58,0.54,225,0.4533333333333333,102,131,0.6335877862595419,83,0.22133333333333333,15,0,0,1,17,1,49,200,0.945,189,0.504,9.96,45,0.37777777777777777,17,0.04533333333333334,126,29,30,67,15.43,59,0.3728813559322034,22,1,8.37,452,0.8296460176991151,375,33,0.48484848484848486,16,0.042666666666666665,0,0,11,3,,15,4,0.26666666666666666,51.95,53,0.5660377358490566,30,0.08,77,3,54,20,0,3-4-2-1 (100.0%),5,12,2,0.16666666666666666,3,2,0.6666666666666666,0.6666666666666666,3,0.6,0.5,10,5,1,0.0,0,0.0,0.8,15,12,9,1,0.46
2022,2022-10-06,UC San Diego Tritons - UC Riverside Highlanders 0:1,United States. NCAA D1 Big West,110,False,UC San Diego Tritons,33,0.6363636363636364,21,20.5,3.38,19.58,54,0.9259259259259259,50,0.16129032258064516,7,1,9,1,0.1111111111111111,2,1,0.5,25,6,0.24,6,6,59,0.6271186440677966,37,-0.63,225,0.5111111111111111,115,146,0.7054794520547946,103,0.33225806451612905,7,4,1,-1,3,0,32,143,0.8251748251748252,118,0.38064516129032255,9.95,39,0.38461538461538464,15,0.04838709677419355,122,82,6,34,14.47,94,0.3829787234042553,36,3,12.39,392,0.7908163265306123,310,78,0.6538461538461539,51,0.16451612903225807,0,0,35,6,,42,8,0.19047619047619047,48.05,72,0.8055555555555556,58,0.1870967741935484,101,22,20,59,0,4-4-2 (87.2%),12,5,3,0.6,6,1,0.16666666666666666,1.0,1,0.08333333333333333,0.5,2,1,2,0.5,1,0.0032258064516129032,0.8636363636363636,22,19,22,1,0.63
2022,2022-10-09,CSU Bakersfield Roadrunners - UC San Diego Tritons 1:2,United States. NCAA D1 Big West,106,True,CSU Bakersfield Roadrunners,47,0.6170212765957447,29,21.05,4.31,25.05,72,0.9305555555555556,67,0.16461916461916462,21,2,4,2,0.5,0,0,,12,3,0.25,3,5,75,0.5733333333333334,43,-0.08000000000000007,200,0.49,98,173,0.7398843930635838,128,0.3144963144963145,15,3,0,-1,7,1,59,193,0.8756476683937824,169,0.4152334152334152,12.83,63,0.4603174603174603,29,0.07125307125307126,125,61,19,45,16.0,61,0.32786885245901637,20,1,7.21,491,0.8289205702647657,407,74,0.6351351351351351,47,0.11547911547911548,0,0,26,4,,28,6,0.21428571428571427,56.89,102,0.7156862745098039,73,0.17936117936117937,94,6,47,41,1,4-1-4-1 (41.27%),11,14,6,0.42857142857142855,7,2,0.2857142857142857,0.5,4,0.36363636363636365,0.4,5,2,2,0.0,0,0.0,0.9230769230769231,26,24,8,2,1.08
2022,2022-10-09,CSU Bakersfield Roadrunners - UC San Diego Tritons 1:2,United States. NCAA D1 Big West,106,False,UC San Diego Tritons,47,0.3829787234042553,18,20.9,2.82,18.87,51,0.9019607843137255,46,0.184,10,1,8,3,0.375,0,0,,10,2,0.2,2,4,61,0.6721311475409836,41,1.0899999999999999,200,0.495,99,143,0.5664335664335665,81,0.324,11,4,1,1,11,2,34,96,0.8958333333333334,86,0.344,15.54,53,0.3018867924528302,16,0.064,141,64,18,59,14.67,75,0.4266666666666667,32,1,12.93,341,0.7331378299120235,250,52,0.5576923076923077,29,0.116,0,0,12,2,,33,10,0.30303030303030304,43.11,56,0.6428571428571429,36,0.144,101,15,49,37,0,4-1-4-1 (100.0%),14,11,4,0.36363636363636365,5,3,0.6,0.5,6,0.42857142857142855,0.0,1,0,0,,0,0.0,0.6666666666666666,24,16,14,5,0.91
2022,2022-10-13,Cal State Fullerton Titans - UC San Diego Tritons 1:0,United States. NCAA D1 Big West,95,True,Cal State Fullerton Titans,36,0.5833333333333334,21,18.43,3.61,24.08,51,0.9215686274509803,47,0.15666666666666668,23,0,2,0,0.0,7,2,0.2857142857142857,8,2,0.25,2,5,80,0.5625,45,0.33999999999999997,228,0.5043859649122807,115,176,0.5511363636363636,97,0.3233333333333333,13,1,0,1,8,1,47,118,0.8728813559322034,103,0.3433333333333333,15.93,65,0.4,26,0.08666666666666667,132,54,16,62,14.98,54,0.4444444444444444,24,1,7.05,408,0.7352941176470589,300,59,0.4067796610169492,24,0.08,0,0,19,1,,16,5,0.3125,52.93,74,0.5405405405405406,40,0.13333333333333333,89,5,40,44,0,4-1-4-1 (59.7%),9,15,6,0.4,6,4,0.6666666666666666,0.8,5,0.5555555555555556,0.7142857142857143,7,5,1,0.0,0,0.0,0.92,25,23,9,1,0.66
2022,2022-10-13,Cal State Fullerton Titans - UC San Diego Tritons 1:0,United States. NCAA D1 Big West,95,False,UC San Diego Tritons,36,0.3055555555555556,11,18.33,3.45,21.59,51,0.8823529411764706,45,0.14331210191082802,16,1,7,1,0.14285714285714285,2,0,0.0,10,0,0.0,0,9,54,0.5555555555555556,30,-0.79,228,0.4342105263157895,99,171,0.7251461988304093,124,0.39490445859872614,10,3,1,-1,8,0,43,101,0.8613861386138614,87,0.2770700636942675,12.25,49,0.46938775510204084,23,0.0732484076433121,121,53,17,51,16.51,80,0.4375,35,1,9.61,400,0.785,314,58,0.7758620689655172,45,0.14331210191082802,0,0,26,4,,37,11,0.2972972972972973,47.07,86,0.7325581395348837,63,0.20063694267515925,103,9,45,49,0,4-4-1-1 (100.0%),15,9,5,0.5555555555555556,10,5,0.5,0.8333333333333334,6,0.4,0.6666666666666666,3,2,3,0.6666666666666666,2,0.006369426751592357,0.76,25,19,18,0,0.79
2022,2022-10-16,UC San Diego Tritons - Cal Poly Mustangs 4:3,United States. NCAA D1 Big West,99,True,Cal Poly Mustangs,37,0.5405405405405406,20,22.53,3.18,17.86,43,0.9534883720930233,41,0.13141025641025642,9,4,5,1,0.2,0,0,,21,9,0.42857142857142855,6,12,95,0.5473684210526316,52,0.43999999999999995,248,0.5120967741935484,127,153,0.6405228758169934,98,0.3141025641025641,24,4,0,-1,5,3,50,170,0.8588235294117647,146,0.46794871794871795,12.62,51,0.5882352941176471,30,0.09615384615384616,133,70,12,51,14.23,75,0.44,33,0,4.74,404,0.7722772277227723,312,53,0.6037735849056604,32,0.10256410256410256,0,0,43,13,,44,17,0.38636363636363635,59.05,77,0.7142857142857143,55,0.1762820512820513,99,24,43,32,0,4-1-4-1 (100.0%),21,11,5,0.45454545454545453,7,1,0.14285714285714285,0.1,10,0.47619047619047616,0.6666666666666666,3,2,2,0.0,0,0.0,0.8571428571428571,28,24,38,3,2.56
2022,2022-10-16,UC San Diego Tritons - Cal Poly Mustangs 4:3,United States. NCAA D1 Big West,99,False,UC San Diego Tritons,37,0.32432432432432434,12,20.57,2.49,12.64,48,0.9166666666666666,44,0.21890547263681592,11,3,1,0,0.0,0,0,,13,6,0.46153846153846156,5,1,75,0.56,42,1.25,248,0.45564516129032256,113,141,0.5815602836879432,82,0.4079601990049751,15,6,2,1,11,4,43,71,0.7887323943661971,56,0.27860696517412936,18.58,55,0.41818181818181815,23,0.11442786069651742,141,54,39,48,15.03,95,0.45263157894736844,43,8,9.67,296,0.6790540540540541,201,55,0.5454545454545454,30,0.14925373134328357,1,1,21,8,1.0,27,8,0.2962962962962963,40.95,77,0.4935064935064935,38,0.1890547263681592,109,11,53,45,0,4-4-1-1 (25.16%),11,21,11,0.5238095238095238,2,0,0.0,0.0,5,0.45454545454545453,,0,0,1,0.0,0,0.0,0.8666666666666667,15,13,16,2,2.75
2022,2022-10-20,UC San Diego Tritons - CSUN Matadors 0:1,United States. NCAA D1 Big West,96,True,CSUN Matadors,28,0.35714285714285715,10,20.14,3.87,17.02,53,0.9245283018867925,49,0.1484848484848485,17,0,4,2,0.5,1,0,0.0,14,7,0.5,5,2,84,0.6309523809523809,53,0.20999999999999996,205,0.48292682926829267,99,120,0.5833333333333334,70,0.21212121212121213,14,2,1,1,6,1,35,195,0.9025641025641026,176,0.5333333333333333,12.56,52,0.4230769230769231,22,0.06666666666666667,121,51,21,49,15.28,68,0.39705882352941174,27,0,10.04,414,0.7971014492753623,330,54,0.4444444444444444,24,0.07272727272727272,0,0,25,1,,26,5,0.19230769230769232,49.67,55,0.6727272727272727,37,0.11212121212121212,78,9,38,31,0,3-4-2-1 (100.0%),8,9,2,0.2222222222222222,3,0,0.0,0.0,1,0.125,0.5,2,1,2,0.0,0,0.0,0.6956521739130435,23,16,14,2,0.79
2022,2022-10-20,UC San Diego Tritons - CSUN Matadors 0:1,United States. NCAA D1 Big West,96,False,UC San Diego Tritons,28,0.5714285714285714,16,19.27,3.37,19.8,65,0.8769230769230769,57,0.16863905325443787,16,1,5,2,0.4,0,0,,13,5,0.38461538461538464,4,3,68,0.6029411764705882,41,-0.78,205,0.48292682926829267,99,150,0.7333333333333333,110,0.3254437869822485,9,4,0,-1,6,0,33,136,0.8823529411764706,120,0.35502958579881655,10.84,45,0.4,18,0.05325443786982249,114,55,15,44,15.12,84,0.36904761904761907,31,2,11.25,415,0.8144578313253013,338,65,0.7076923076923077,46,0.13609467455621302,0,0,24,8,,36,6,0.16666666666666666,50.33,85,0.7647058823529411,65,0.19230769230769232,80,14,33,33,0,4-4-1-1 (100.0%),9,8,1,0.125,3,0,0.0,0.0,2,0.2222222222222222,,0,0,4,0.25,1,0.0029585798816568047,0.7419354838709677,31,23,16,1,0.78
2022,2022-10-23,UC Davis Aggies - UC San Diego Tritons 0:1,United States. NCAA D1 Big West,96,True,UC Davis Aggies,74,0.5540540540540541,41,20.87,3.98,20.51,58,0.9827586206896551,57,0.1386861313868613,24,1,8,4,0.5,0,0,,35,13,0.37142857142857144,11,13,92,0.717391304347826,66,-3.06,273,0.575091575091575,157,146,0.678082191780822,99,0.24087591240875914,13,1,0,-1,11,0,38,231,0.9047619047619048,209,0.5085158150851582,10.2,50,0.58,29,0.0705596107055961,128,84,6,38,14.75,94,0.46808510638297873,44,1,3.9,490,0.8387755102040816,411,85,0.7058823529411765,60,0.145985401459854,0,0,51,5,,45,15,0.3333333333333333,67.41,86,0.872093023255814,75,0.18248175182481752,88,24,21,43,0,4-2-3-1 (100.0%),22,6,2,0.3333333333333333,13,1,0.07692307692307693,0.25,4,0.18181818181818182,0.0,2,0,0,,0,0.0,0.9705882352941176,34,33,25,0,3.06
2022,2022-10-23,UC Davis Aggies - UC San Diego Tritons 0:1,United States. NCAA D1 Big West,96,False,UC San Diego Tritons,74,0.44594594594594594,33,21.84,1.92,13.09,29,0.9310344827586207,27,0.1888111888111888,39,0,4,1,0.25,0,0,,15,3,0.2,6,3,94,0.5319148936170213,50,0.62,273,0.41025641025641024,112,91,0.5714285714285714,52,0.36363636363636365,4,2,0,1,19,1,64,62,0.6935483870967742,43,0.3006993006993007,16.43,34,0.4411764705882353,15,0.1048951048951049,122,33,49,40,12.89,92,0.2826086956521739,26,4,13.24,207,0.6908212560386473,143,37,0.5945945945945946,22,0.15384615384615385,0,0,16,3,,17,5,0.29411764705882354,32.59,56,0.6071428571428571,34,0.23776223776223776,84,3,53,28,0,4-2-3-1 (86.89%),6,22,4,0.18181818181818182,0,0,,0.0,2,0.3333333333333333,0.0,2,0,0,,0,0.0,0.75,20,15,12,1,0.38
2022,2022-10-30,UC San Diego Tritons - UC Irvine Anteaters 0:1,United States. NCAA D1 Big West,97,True,UC Irvine Anteaters,27,0.48148148148148145,13,19.75,4.3,19.04,66,0.9696969696969697,64,0.165374677002584,18,0,5,4,0.8,0,0,,9,3,0.3333333333333333,3,5,82,0.6585365853658537,54,-0.49,222,0.5135135135135135,114,170,0.6823529411764706,116,0.2997416020671835,14,2,1,1,5,1,56,181,0.9226519337016574,167,0.4315245478036176,10.87,51,0.4117647058823529,21,0.05426356589147287,120,48,23,49,15.34,90,0.4111111111111111,37,1,7.77,469,0.8251599147121536,387,62,0.5967741935483871,37,0.09560723514211886,0,0,17,2,,27,12,0.4444444444444444,56.93,73,0.6575342465753424,48,0.12403100775193798,82,4,47,31,0,4-4-2 (91.07%),17,8,3,0.375,8,1,0.125,0.3333333333333333,3,0.17647058823529413,0.0,1,0,3,0.3333333333333333,1,0.002583979328165375,1.0,18,18,14,1,1.49
2022,2022-10-30,UC San Diego Tritons - UC Irvine Anteaters 0:1,United States. NCAA D1 Big West,97,False,UC San Diego Tritons,27,0.2962962962962963,8,21.57,2.87,14.49,58,0.8448275862068966,49,0.196,15,1,6,4,0.6666666666666666,0,0,,20,5,0.25,6,7,90,0.5888888888888889,53,-0.48,222,0.4369369369369369,97,132,0.6212121212121212,82,0.328,12,6,1,-1,11,0,25,99,0.8383838383838383,83,0.332,15.48,52,0.36538461538461536,19,0.076,118,58,15,45,14.53,82,0.34146341463414637,28,1,13.7,336,0.7440476190476191,250,47,0.5957446808510638,28,0.112,0,0,26,2,,23,3,0.13043478260869565,43.07,58,0.7241379310344828,42,0.168,88,11,33,44,0,4-4-2 (100.0%),8,17,3,0.17647058823529413,3,0,0.0,0.0,2,0.25,0.5,2,1,3,0.3333333333333333,1,0.004,0.8,20,16,20,1,0.48
2023,2023-08-25,UC San Diego Tritons - Pacific Tigers 1:2,United States. NCAA D1 Non-conference matches,104,True,Pacific Tigers,45,0.4666666666666667,21,21.22,4.36,20.16,63,0.9365079365079365,59,0.14713216957605985,14,1,11,3,0.2727272727272727,5,1,0.2,14,3,0.21428571428571427,1,12,62,0.5483870967741935,34,0.3799999999999999,207,0.45893719806763283,95,151,0.7483443708609272,113,0.2817955112219451,15,2,1,1,8,2,33,204,0.9117647058823529,186,0.46384039900249374,9.05,43,0.5348837209302325,23,0.057356608478802994,103,44,16,43,15.72,80,0.425,34,1,7.2,475,0.8442105263157895,401,42,0.6190476190476191,26,0.06483790523690773,1,1,32,0,1.0,25,11,0.44,60.61,71,0.6901408450704225,49,0.12219451371571072,79,13,35,31,0,4-4-1-1 (87.68%),19,7,4,0.5714285714285714,8,3,0.375,0.75,4,0.21052631578947367,0.0,1,0,5,0.4,2,0.004987531172069825,1.0,25,25,23,2,1.62
2023,2023-08-25,UC San Diego Tritons - Pacific Tigers 1:2,United States. NCAA D1 Non-conference matches,104,False,UC San Diego Tritons,45,0.4666666666666667,21,20.64,2.5,14.82,43,0.9069767441860465,39,0.18571428571428572,22,2,6,1,0.16666666666666666,0,0,,13,4,0.3076923076923077,5,0,80,0.575,46,-0.9199999999999999,207,0.5024154589371981,104,102,0.696078431372549,71,0.3380952380952381,14,3,1,-1,10,1,48,86,0.7674418604651163,66,0.3142857142857143,13.92,38,0.47368421052631576,18,0.08571428571428572,116,51,26,39,13.9,62,0.45161290322580644,28,0,11.42,273,0.7692307692307693,210,47,0.5531914893617021,26,0.12380952380952381,1,1,14,2,1.0,27,3,0.1111111111111111,39.39,53,0.6792452830188679,36,0.17142857142857143,77,9,32,36,0,4-4-1-1 (70.54%),7,19,4,0.21052631578947367,2,1,0.5,0.25,4,0.5714285714285714,0.3333333333333333,3,1,0,,0,0.0,0.9545454545454546,22,21,8,2,1.92
2023,2023-08-27,UC San Diego Tritons - San Jose State Spartans 1:2,United States. NCAA D1 Non-conference matches,101,True,San Jose State Spartans,37,0.4864864864864865,18,17.75,5.62,18.01,100,0.91,91,0.16789667896678967,14,1,4,3,0.75,4,1,0.25,7,4,0.5714285714285714,4,12,66,0.6212121212121212,41,-1.0,221,0.5294117647058824,117,177,0.751412429378531,133,0.24538745387453875,15,0,0,1,3,2,30,260,0.9538461538461539,248,0.4575645756457565,5.02,31,0.5161290322580645,16,0.02952029520295203,112,45,17,50,17.24,80,0.4875,39,4,6.19,618,0.8770226537216829,542,65,0.7846153846153846,51,0.0940959409594096,1,0,30,8,0.0,29,14,0.4827586206896552,63.37,94,0.7340425531914894,69,0.12730627306273062,91,13,35,43,0,4-2-3-1 (100.0%),21,5,2,0.4,9,2,0.2222222222222222,0.2857142857142857,7,0.3333333333333333,0.7142857142857143,7,5,9,0.3333333333333333,3,0.005535055350553505,0.8181818181818182,22,18,23,3,3.0
2023,2023-08-27,UC San Diego Tritons - San Jose State Spartans 1:2,United States. NCAA D1 Non-conference matches,101,False,UC San Diego Tritons,37,0.4864864864864865,18,21.26,2.71,22.3,56,0.875,49,0.21777777777777776,9,2,4,0,0.0,1,0,0.0,10,3,0.3,3,4,80,0.5125,41,0.12,221,0.45701357466063347,101,113,0.6637168141592921,75,0.3333333333333333,16,3,0,-1,13,1,44,80,0.85,68,0.3022222222222222,16.38,48,0.5,24,0.10666666666666667,112,46,18,48,14.14,66,0.3787878787878788,25,2,12.61,293,0.7679180887372014,225,48,0.6666666666666666,32,0.14222222222222222,1,1,16,1,1.0,25,2,0.08,36.63,73,0.6301369863013698,46,0.20444444444444446,85,16,27,42,1,4-1-4-1 (50.06%),5,21,7,0.3333333333333333,3,0,0.0,0.0,2,0.4,,0,0,1,1.0,1,0.0044444444444444444,0.7777777777777778,18,14,8,2,0.88
2023,2023-09-01,UC San Diego Tritons - Gonzaga Bulldogs 1:1,United States. NCAA D1 Non-conference matches,95,True,Gonzaga Bulldogs,36,0.4444444444444444,16,21.11,4.66,18.01,75,0.9733333333333334,73,0.18622448979591838,10,1,8,2,0.25,0,0,,13,5,0.38461538461538464,5,8,78,0.7435897435897436,58,-0.76,222,0.5135135135135135,114,163,0.7116564417177914,116,0.29591836734693877,13,2,0,0,7,1,33,175,0.8971428571428571,157,0.4005102040816326,8.7,41,0.34146341463414637,14,0.03571428571428571,94,40,16,38,15.43,82,0.3780487804878049,31,3,12.11,471,0.832271762208068,392,56,0.6428571428571429,36,0.09183673469387756,0,0,27,0,,32,11,0.34375,54.85,85,0.7647058823529411,65,0.16581632653061223,81,8,45,28,0,3-5-2 (100.0%),15,13,5,0.38461538461538464,7,2,0.2857142857142857,0.4,5,0.3333333333333333,0.5,6,3,1,0.0,0,0.0,0.9230769230769231,13,12,15,2,1.76
2023,2023-09-01,UC San Diego Tritons - Gonzaga Bulldogs 1:1,United States. NCAA D1 Non-conference matches,95,False,UC San Diego Tritons,36,0.5,18,20.47,2.96,16.15,50,0.9,45,0.16917293233082706,26,1,4,0,0.0,0,0,,13,4,0.3076923076923077,7,2,82,0.6219512195121951,51,-1.48,222,0.46846846846846846,104,125,0.768,96,0.3609022556390977,8,3,1,0,14,1,39,109,0.8532110091743119,93,0.34962406015037595,11.78,39,0.5641025641025641,22,0.08270676691729323,116,61,21,34,13.17,78,0.2564102564102564,20,1,12.79,331,0.8036253776435045,266,51,0.6470588235294118,33,0.12406015037593984,1,0,28,4,0.0,27,8,0.2962962962962963,45.15,64,0.8125,52,0.19548872180451127,69,12,28,29,0,4-2-3-1 (100.0%),13,15,7,0.4666666666666667,4,0,0.0,0.0,5,0.38461538461538464,0.5,2,1,0,,0,0.0,0.6666666666666666,24,16,11,2,2.48
2023,2023-09-09,Denver Pioneers - UC San Diego Tritons 4:0,United States. NCAA D1 Non-conference matches,95,True,Denver Pioneers,17,0.4117647058823529,7,18.12,8.73,17.09,113,0.9911504424778761,112,0.14933333333333335,8,0,5,3,0.6,1,0,0.0,17,8,0.47058823529411764,7,7,54,0.5740740740740741,31,1.88,144,0.4722222222222222,68,216,0.8379629629629629,181,0.24133333333333334,9,0,0,4,7,4,28,361,0.9390581717451524,339,0.452,4.38,36,0.4722222222222222,17,0.02266666666666667,92,52,9,31,19.45,52,0.36538461538461536,19,1,9.56,821,0.9135200974421437,750,79,0.810126582278481,64,0.08533333333333333,0,0,26,5,,33,11,0.3333333333333333,68.0,99,0.8484848484848485,84,0.112,79,19,29,31,0,4-1-3-2 (100.0%),16,7,0,0.0,5,2,0.4,0.25,8,0.5,,0,0,5,0.4,2,0.0026666666666666666,0.9583333333333334,24,23,21,0,2.12
2023,2023-09-09,Denver Pioneers - UC San Diego Tritons 4:0,United States. NCAA D1 Non-conference matches,95,False,UC San Diego Tritons,17,0.35294117647058826,6,21.46,3.24,17.05,49,0.9795918367346939,48,0.21238938053097345,6,4,2,1,0.5,2,2,1.0,7,1,0.14285714285714285,1,2,52,0.6346153846153846,33,-0.66,144,0.4722222222222222,68,111,0.5765765765765766,64,0.2831858407079646,7,1,0,-4,9,0,45,98,0.8775510204081632,86,0.3805309734513274,15.59,46,0.34782608695652173,16,0.07079646017699115,95,39,19,37,14.85,54,0.42592592592592593,23,1,25.28,295,0.7661016949152543,226,36,0.4166666666666667,15,0.06637168141592921,0,0,13,3,,17,3,0.17647058823529413,32.0,45,0.4888888888888889,22,0.09734513274336283,67,4,34,29,0,5-3-2 (52.02%),7,16,8,0.5,2,0,0.0,,0,0.0,0.0,5,0,2,0.5,1,0.004424778761061947,0.9444444444444444,18,17,8,0,0.66
2023,2023-09-15,Santa Clara Broncos - UC San Diego Tritons 2:2,United States. NCAA D1 Non-conference matches,102,True,Santa Clara Broncos,73,0.410958904109589,30,18.69,3.94,15.9,75,0.9466666666666667,71,0.16745283018867924,9,2,4,1,0.25,0,0,,20,10,0.5,10,11,88,0.5795454545454546,51,0.30000000000000004,300,0.44333333333333336,133,189,0.6825396825396826,129,0.30424528301886794,20,2,0,0,3,2,26,172,0.9011627906976745,155,0.36556603773584906,11.43,59,0.576271186440678,34,0.08018867924528301,143,77,13,53,16.89,83,0.3493975903614458,29,2,5.93,516,0.8217054263565892,424,83,0.6265060240963856,52,0.12264150943396226,0,0,37,4,,40,8,0.2,56.56,99,0.7878787878787878,78,0.18396226415094338,112,16,36,60,0,3-5-2 (100.0%),10,8,5,0.625,3,0,0.0,0.0,4,0.4,0.6666666666666666,6,4,2,0.5,1,0.0023584905660377358,0.6666666666666666,30,20,17,3,1.7
2023,2023-09-15,Santa Clara Broncos - UC San Diego Tritons 2:2,United States. NCAA D1 Non-conference matches,102,False,UC San Diego Tritons,73,0.4246575342465753,31,21.09,2.78,13.06,52,0.8076923076923077,42,0.15441176470588236,21,2,2,1,0.5,0,0,,8,4,0.5,4,3,83,0.6506024096385542,54,0.4099999999999999,300,0.48,144,172,0.6802325581395349,117,0.43014705882352944,16,3,0,0,9,2,64,96,0.84375,81,0.2977941176470588,20.44,74,0.6216216216216216,46,0.16911764705882354,152,46,33,73,15.42,88,0.42045454545454547,37,0,9.61,362,0.7513812154696132,272,55,0.6909090909090909,38,0.13970588235294118,0,0,15,2,,22,4,0.18181818181818182,43.44,95,0.6421052631578947,61,0.22426470588235295,109,9,59,41,0,3-4-2-1 (100.0%),8,10,4,0.4,1,0,0.0,0.0,4,0.5,0.16666666666666666,6,1,1,0.0,0,0.0,0.8095238095238095,21,17,10,2,1.59
2023,2023-09-21,San Diego Toreros - UC San Diego Tritons 2:1,United States. NCAA D1 Non-conference matches,96,True,San Diego Toreros,56,0.625,35,22.65,3.97,21.27,69,0.9130434782608695,63,0.16071428571428573,22,1,6,3,0.5,0,0,,15,4,0.26666666666666666,2,10,95,0.631578947368421,60,0.75,280,0.5142857142857142,144,160,0.725,116,0.29591836734693877,15,2,1,1,9,2,60,192,0.890625,171,0.4362244897959184,12.29,59,0.4745762711864407,28,0.07142857142857142,147,75,27,45,16.36,97,0.35051546391752575,34,0,7.28,480,0.8166666666666667,392,71,0.5774647887323944,41,0.10459183673469388,0,0,27,5,,37,12,0.32432432432432434,55.41,96,0.7604166666666666,73,0.18622448979591838,110,15,46,49,0,3-5-2 (100.0%),17,15,8,0.5333333333333333,8,2,0.25,0.4,5,0.29411764705882354,,0,0,0,,0,0.0,0.8636363636363636,22,19,21,1,1.25
2023,2023-09-21,San Diego Toreros - UC San Diego Tritons 2:1,United States. NCAA D1 Non-conference matches,96,False,UC San Diego Tritons,56,0.30357142857142855,17,21.15,2.99,20.23,49,0.8571428571428571,42,0.15272727272727274,14,2,8,3,0.375,0,0,,18,8,0.4444444444444444,8,3,97,0.6494845360824743,63,-0.3799999999999999,280,0.45714285714285713,128,162,0.6851851851851852,111,0.4036363636363636,6,3,0,-1,6,1,47,103,0.8155339805825242,84,0.3054545454545455,14.25,52,0.5192307692307693,27,0.09818181818181818,140,68,21,51,15.46,95,0.3684210526315789,35,0,12.43,365,0.7534246575342466,275,68,0.6176470588235294,42,0.15272727272727274,0,0,30,3,,36,12,0.3333333333333333,44.59,90,0.7555555555555555,68,0.24727272727272728,112,13,56,43,0,4-3-2-1 (100.0%),15,17,5,0.29411764705882354,9,3,0.3333333333333333,0.375,8,0.5333333333333333,0.25,4,1,2,0.5,1,0.0036363636363636364,0.782608695652174,23,18,10,1,1.38
2023,2023-09-28,UC San Diego Tritons - UC Santa Barbara Gauchos 3:0,United States. NCAA D1 Big West,98,False,UC San Diego Tritons,65,0.4461538461538462,29,22.26,2.36,17.09,38,0.8947368421052632,34,0.18579234972677597,15,0,1,0,0.0,1,0,0.0,7,5,0.7142857142857143,5,5,62,0.6612903225806451,41,1.9,254,0.44881889763779526,114,108,0.5740740740740741,62,0.33879781420765026,12,2,1,3,10,3,39,69,0.8840579710144928,61,0.3333333333333333,20.97,52,0.4807692307692308,25,0.1366120218579235,112,52,21,39,12.93,84,0.3333333333333333,28,1,18.95,248,0.7379032258064516,183,44,0.5681818181818182,25,0.1366120218579235,0,0,13,2,,24,5,0.20833333333333334,35.89,68,0.6764705882352942,46,0.25136612021857924,105,10,54,41,0,4-4-2 (61.1%),8,13,1,0.07692307692307693,3,2,0.6666666666666666,0.3333333333333333,6,0.75,,0,0,4,0.5,2,0.01092896174863388,0.7222222222222222,18,13,11,1,1.1
2023,2023-09-28,UC San Diego Tritons - UC Santa Barbara Gauchos 3:0,United States. NCAA D1 Big West,98,True,UC Santa Barbara Gauchos,65,0.4,26,23.13,5.44,17.87,89,0.9213483146067416,82,0.16907216494845362,7,3,3,1,0.3333333333333333,1,1,1.0,22,9,0.4090909090909091,9,10,84,0.6666666666666666,56,-1.03,254,0.4881889763779528,124,180,0.7166666666666667,129,0.26597938144329897,21,4,0,-3,5,0,39,269,0.929368029739777,250,0.5154639175257731,14.04,81,0.6296296296296297,51,0.10515463917525773,110,59,12,39,16.84,62,0.3387096774193548,21,3,4.29,577,0.8405545927209706,485,98,0.7448979591836735,73,0.15051546391752577,0,0,32,0,,38,9,0.23684210526315788,64.11,121,0.8099173553719008,98,0.2020618556701031,91,15,45,31,0,4-2-3-1 (49.97%),13,8,7,0.875,5,1,0.2,1.0,1,0.07692307692307693,,0,0,2,0.0,0,0.0,0.96,25,24,21,0,1.03
2023,2023-10-01,Sacramento State Hornets - UC San Diego Tritons 0:0,United States. NCAA D1 Big West,96,True,Sacramento State Hornets,36,0.5555555555555556,20,20.32,4.2,17.77,56,0.9464285714285714,53,0.1341772151898734,21,0,4,1,0.25,2,1,0.5,12,4,0.3333333333333333,3,8,53,0.39622641509433965,21,-1.54,177,0.5084745762711864,90,161,0.782608695652174,126,0.3189873417721519,12,4,0,0,5,0,47,186,0.9086021505376344,169,0.4278481012658228,8.87,41,0.6341463414634146,26,0.06582278481012659,109,61,19,29,15.87,55,0.5454545454545454,30,3,7.32,462,0.854978354978355,395,61,0.7049180327868853,43,0.10886075949367088,0,0,23,4,,32,10,0.3125,56.25,84,0.7619047619047619,64,0.1620253164556962,83,16,38,29,0,4-3-1-2 (100.0%),14,12,6,0.5,4,2,0.5,0.25,8,0.5714285714285714,0.0,2,0,4,0.0,0,0.0,0.7142857142857143,21,15,21,3,1.54
2023,2023-10-01,Sacramento State Hornets - UC San Diego Tritons 0:0,United States. NCAA D1 Big West,96,False,UC San Diego Tritons,36,0.4444444444444444,16,22.39,2.73,13.8,41,0.8292682926829268,34,0.15178571428571427,13,0,8,2,0.25,0,0,,18,7,0.3888888888888889,9,4,55,0.45454545454545453,25,-2.59,177,0.4915254237288136,87,119,0.7058823529411765,84,0.375,15,3,1,0,4,0,48,90,0.8333333333333334,75,0.33482142857142855,18.12,54,0.5555555555555556,30,0.13392857142857142,90,49,19,22,13.16,53,0.6037735849056604,32,5,11.39,298,0.7516778523489933,224,55,0.5818181818181818,32,0.14285714285714285,0,0,21,3,,27,6,0.2222222222222222,43.75,79,0.7088607594936709,56,0.25,86,14,47,25,0,4-4-2 (100.0%),12,14,9,0.6428571428571429,3,2,0.6666666666666666,0.3333333333333333,6,0.5,0.0,3,0,3,0.6666666666666666,2,0.008928571428571428,0.7142857142857143,14,10,19,3,2.59
2023,2023-10-05,UC San Diego Tritons - Cal State Fullerton Titans 1:4,United States. NCAA D1 Big West,98,True,Cal State Fullerton Titans,33,0.45454545454545453,15,21.58,4.29,19.35,71,0.8873239436619719,63,0.16321243523316062,10,1,4,2,0.5,1,1,1.0,9,2,0.2222222222222222,2,14,50,0.68,34,2.6100000000000003,188,0.4787234042553192,90,146,0.7671232876712328,112,0.29015544041450775,14,3,1,3,13,4,35,165,0.8303030303030303,137,0.3549222797927461,12.5,59,0.5254237288135594,31,0.08031088082901554,115,52,22,41,16.31,71,0.39436619718309857,28,6,10.5,472,0.8177966101694916,386,62,0.7419354838709677,46,0.11917098445595854,0,0,27,6,,30,8,0.26666666666666666,59.41,92,0.717391304347826,66,0.17098445595854922,91,9,43,39,0,4-4-2 (46.8%),14,12,4,0.3333333333333333,7,1,0.14285714285714285,0.2,5,0.35714285714285715,0.5,2,1,3,0.3333333333333333,1,0.0025906735751295338,0.9411764705882353,17,16,24,3,1.39
2023,2023-10-05,UC San Diego Tritons - Cal State Fullerton Titans 1:4,United States. NCAA D1 Big West,98,False,UC San Diego Tritons,33,0.30303030303030304,10,23.8,2.13,16.24,36,0.9166666666666666,33,0.1813186813186813,10,4,9,3,0.3333333333333333,1,1,1.0,16,7,0.4375,7,8,71,0.6056338028169014,43,-0.17999999999999994,188,0.43617021276595747,82,130,0.6461538461538462,84,0.46153846153846156,10,6,1,-3,7,1,37,56,0.7142857142857143,40,0.21978021978021978,17.69,46,0.41304347826086957,19,0.1043956043956044,118,64,11,43,13.15,50,0.32,16,0,15.75,260,0.7,182,52,0.6346153846153846,33,0.1813186813186813,0,0,24,3,,30,5,0.16666666666666666,40.59,61,0.7868852459016393,48,0.26373626373626374,81,16,30,35,0,4-2-3-1 (100.0%),12,14,5,0.35714285714285715,4,1,0.25,0.3333333333333333,3,0.25,,0,0,1,1.0,1,0.005494505494505495,0.9090909090909091,22,20,23,0,1.18
2023,2023-10-08,Cal Poly Mustangs - UC San Diego Tritons 3:1,United States. NCAA D1 Big West,99,True,Cal Poly Mustangs,50,0.5,25,21.71,3.44,16.05,64,0.890625,57,0.1743119266055046,22,1,2,1,0.5,1,1,1.0,13,1,0.07692307692307693,0,8,77,0.5194805194805194,40,1.53,233,0.49356223175965663,115,156,0.6089743589743589,95,0.290519877675841,16,2,1,2,8,3,42,172,0.8313953488372093,143,0.43730886850152906,14.06,61,0.45901639344262296,28,0.0856269113149847,126,52,20,54,16.2,71,0.49295774647887325,35,2,7.68,434,0.7534562211981567,327,60,0.5333333333333333,32,0.09785932721712538,0,0,30,3,,31,7,0.22580645161290322,51.93,88,0.6363636363636364,56,0.1712538226299694,104,12,41,51,0,4-2-3-1 (100.0%),11,7,3,0.42857142857142855,3,0,0.0,0.0,4,0.36363636363636365,1.0,5,5,2,0.0,0,0.0,0.9047619047619048,21,19,13,3,1.47
2023,2023-10-08,Cal Poly Mustangs - UC San Diego Tritons 3:1,United States. NCAA D1 Big West,99,False,UC San Diego Tritons,50,0.46,23,21.86,2.85,21.95,66,0.9393939393939394,62,0.2152777777777778,10,3,2,1,0.5,0,0,,9,1,0.1111111111111111,2,7,71,0.5070422535211268,36,0.79,233,0.4678111587982833,109,149,0.6174496644295302,92,0.3194444444444444,12,4,0,-2,11,1,39,113,0.8053097345132744,91,0.3159722222222222,18.32,70,0.5857142857142857,41,0.1423611111111111,147,60,23,64,15.4,77,0.4805194805194805,37,2,13.76,382,0.7539267015706806,288,64,0.625,40,0.1388888888888889,0,0,18,2,,37,4,0.10810810810810811,48.07,94,0.6702127659574468,63,0.21875,92,8,44,40,0,4-4-2 (92.68%),7,11,5,0.45454545454545453,4,1,0.25,0.5,2,0.2857142857142857,0.6666666666666666,3,2,0,,0,0.0,0.9069767441860465,43,39,11,0,0.21
2023,2023-10-12,UC Riverside Highlanders - UC San Diego Tritons 2:5,United States. NCAA D1 Big West,104,True,UC Riverside Highlanders,33,0.3939393939393939,13,19.99,4.8,16.95,72,0.9444444444444444,68,0.14977973568281938,20,5,5,1,0.2,4,3,0.75,15,5,0.3333333333333333,5,5,92,0.6630434782608695,61,0.44999999999999996,224,0.53125,119,167,0.7485029940119761,125,0.2753303964757709,19,6,2,-3,6,2,34,226,0.9247787610619469,209,0.460352422907489,6.0,32,0.375,12,0.02643171806167401,103,44,20,39,16.08,72,0.4861111111111111,35,2,6.54,533,0.851782363977486,454,45,0.6444444444444445,29,0.06387665198237885,0,0,17,6,,31,2,0.06451612903225806,63.02,78,0.6666666666666666,52,0.1145374449339207,78,11,45,22,1,3-4-1-2 (20.24%),10,14,8,0.5714285714285714,3,1,0.3333333333333333,0.2,5,0.5,0.4,5,2,2,0.0,0,0.0,0.9444444444444444,18,17,17,2,1.55
2023,2023-10-12,UC Riverside Highlanders - UC San Diego Tritons 2:5,United States. NCAA D1 Big West,104,False,UC San Diego Tritons,33,0.45454545454545453,15,22.15,2.31,18.44,40,0.85,34,0.16585365853658537,9,2,4,1,0.25,0,0,,17,8,0.47058823529411764,8,8,72,0.5138888888888888,37,2.99,224,0.41964285714285715,94,112,0.7410714285714286,83,0.40487804878048783,11,8,0,3,7,5,39,74,0.7972972972972973,59,0.28780487804878047,18.15,47,0.6595744680851063,31,0.15121951219512195,90,49,15,26,13.32,92,0.33695652173913043,31,1,19.0,259,0.7915057915057915,205,52,0.6538461538461539,34,0.16585365853658537,1,1,20,3,1.0,28,8,0.2857142857142857,36.98,68,0.8235294117647058,56,0.2731707317073171,75,16,23,36,0,4-4-2 (100.0%),14,10,5,0.5,7,3,0.42857142857142855,0.375,8,0.5714285714285714,,0,0,0,,0,0.0,0.7,20,14,18,3,2.01
2023,2023-10-15,UC San Diego Tritons - CSU Bakersfield Roadrunners 1:0,United States. NCAA D1 Big West,102,True,CSU Bakersfield Roadrunners,39,0.38461538461538464,15,19.22,4.44,17.59,59,0.9152542372881356,54,0.12413793103448276,11,1,4,2,0.5,1,0,0.0,11,2,0.18181818181818182,2,2,79,0.620253164556962,49,-0.43,213,0.5164319248826291,110,164,0.7073170731707317,116,0.26666666666666666,17,4,0,-1,10,0,37,244,0.9426229508196722,230,0.5287356321839081,6.92,36,0.4444444444444444,16,0.0367816091954023,120,35,26,59,16.25,60,0.4666666666666667,28,0,6.17,520,0.8365384615384616,435,39,0.717948717948718,28,0.06436781609195402,0,0,17,7,,20,3,0.15,58.74,75,0.6,45,0.10344827586206896,84,5,39,40,0,4-2-3-1 (100.0%),7,12,3,0.25,2,1,0.5,0.5,2,0.2857142857142857,0.4,5,2,0,,0,0.0,0.7647058823529411,17,13,19,3,0.43
2023,2023-10-15,UC San Diego Tritons - CSU Bakersfield Roadrunners 1:0,United States. NCAA D1 Big West,102,False,UC San Diego Tritons,39,0.48717948717948717,19,20.53,3.05,16.93,49,0.9591836734693877,47,0.17343173431734318,3,0,6,0,0.0,3,1,0.3333333333333333,22,3,0.13636363636363635,3,8,60,0.5333333333333333,32,-0.6499999999999999,213,0.43661971830985913,93,136,0.7352941176470589,100,0.36900369003690037,20,4,2,1,4,1,59,100,0.81,81,0.2988929889298893,10.42,35,0.5142857142857142,18,0.06642066420664207,101,48,12,41,14.95,79,0.379746835443038,30,2,9.29,336,0.8065476190476191,271,58,0.8103448275862069,47,0.17343173431734318,0,0,37,13,,44,7,0.1590909090909091,41.26,66,0.803030303030303,53,0.19557195571955718,91,15,31,45,0,4-4-2 (100.0%),12,7,2,0.2857142857142857,6,1,0.16666666666666666,0.3333333333333333,3,0.25,0.25,4,1,1,1.0,1,0.0036900369003690036,0.7916666666666666,24,19,26,3,1.65
2023,2023-10-19,CSUN Matadors - UC San Diego Tritons 2:1,United States. NCAA D1 Big West,103,True,CSUN Matadors,48,0.5,24,20.14,3.75,19.03,45,0.9555555555555556,43,0.1264705882352941,19,1,3,0,0.0,6,2,0.3333333333333333,14,6,0.42857142857142855,6,9,77,0.6623376623376623,51,-0.7400000000000002,249,0.4979919678714859,124,150,0.6666666666666666,100,0.29411764705882354,13,0,0,1,7,2,30,171,0.9064327485380117,155,0.45588235294117646,13.8,57,0.45614035087719296,26,0.07647058823529412,108,47,25,36,13.77,79,0.4050632911392405,32,1,10.27,413,0.8232445520581114,340,59,0.5932203389830508,35,0.10294117647058823,0,0,31,5,,30,12,0.4,55.46,74,0.7162162162162162,53,0.15588235294117647,99,13,52,34,0,4-2-3-1 (100.0%),15,7,2,0.2857142857142857,8,1,0.125,0.2,5,0.3333333333333333,0.8571428571428571,7,6,1,0.0,0,0.0,0.9523809523809523,21,20,17,1,2.74
2023,2023-10-19,CSUN Matadors - UC San Diego Tritons 2:1,United States. NCAA D1 Big West,103,False,UC San Diego Tritons,48,0.4375,21,21.36,3.03,17.74,43,0.8837209302325582,38,0.14785992217898833,9,2,4,0,0.0,0,0,,15,6,0.4,8,4,79,0.5949367088607594,47,-0.43999999999999995,249,0.4578313253012048,114,139,0.6618705035971223,92,0.35797665369649806,11,3,1,-1,9,1,29,108,0.8703703703703703,94,0.3657587548638132,16.52,55,0.509090909090909,28,0.10894941634241245,126,64,21,41,13.83,77,0.33766233766233766,26,0,10.83,333,0.7717717717717718,257,59,0.6271186440677966,37,0.14396887159533073,0,0,23,4,,23,4,0.17391304347826086,44.54,66,0.7272727272727273,48,0.1867704280155642,90,17,36,37,0,4-4-2 (100.0%),7,15,5,0.3333333333333333,3,0,0.0,0.0,2,0.2857142857142857,0.6666666666666666,6,4,3,0.3333333333333333,1,0.0038910505836575876,0.8666666666666667,30,26,12,3,1.44
2023,2023-10-22,UC San Diego Tritons - UC Davis Aggies 1:2,United States. NCAA D1 Big West,97,True,UC Davis Aggies,58,0.5,29,24.7,2.91,21.23,34,0.9705882352941176,33,0.12547528517110265,36,1,2,0,0.0,0,0,,16,8,0.5,8,4,88,0.5681818181818182,50,1.51,247,0.43724696356275305,108,120,0.5833333333333334,70,0.2661596958174905,23,1,0,1,13,2,61,145,0.8620689655172413,125,0.4752851711026616,18.77,64,0.453125,29,0.11026615969581749,112,54,31,27,13.13,65,0.24615384615384617,16,3,5.55,341,0.7712609970674487,263,64,0.5625,36,0.13688212927756654,0,0,20,1,,27,6,0.2222222222222222,50.91,76,0.7236842105263158,55,0.20912547528517111,91,9,50,32,0,4-1-3-2 (47.48%),7,11,4,0.36363636363636365,4,0,0.0,0.0,3,0.42857142857142855,1.0,3,3,1,0.0,0,0.0,0.9166666666666666,24,22,11,1,0.49
2023,2023-10-22,UC San Diego Tritons - UC Davis Aggies 1:2,United States. NCAA D1 Big West,97,False,UC San Diego Tritons,58,0.3620689655172414,21,22.77,2.65,15.86,51,0.9215686274509803,47,0.17407407407407408,8,2,8,1,0.125,1,0,0.0,28,13,0.4642857142857143,10,4,65,0.7538461538461538,49,0.030000000000000027,247,0.5020242914979757,124,140,0.6785714285714286,95,0.35185185185185186,7,8,2,-1,8,1,21,116,0.8017241379310345,93,0.34444444444444444,15.3,54,0.6111111111111112,33,0.12222222222222222,121,67,16,38,14.1,88,0.4318181818181818,38,0,15.88,353,0.7648725212464589,270,70,0.6857142857142857,48,0.17777777777777778,0,0,36,5,,36,4,0.1111111111111111,49.09,92,0.7934782608695652,73,0.27037037037037037,91,17,39,35,0,4-4-2 (100.0%),11,7,3,0.42857142857142855,3,1,0.3333333333333333,0.25,4,0.36363636363636365,1.0,2,2,1,0.0,0,0.0,0.9090909090909091,33,30,16,1,0.97
2023,2023-10-29,UC Irvine Anteaters - UC San Diego Tritons 3:1,United States. NCAA D1 Big West,101,True,UC Irvine Anteaters,24,0.375,9,19.68,3.83,18.87,64,0.875,56,0.14659685863874344,33,1,9,3,0.3333333333333333,2,2,1.0,11,3,0.2727272727272727,3,12,77,0.5064935064935064,39,2.18,215,0.4418604651162791,95,170,0.6882352941176471,117,0.306282722513089,12,2,0,2,10,3,48,187,0.8342245989304813,156,0.4083769633507853,9.64,48,0.5208333333333334,25,0.06544502617801047,141,58,23,60,17.59,69,0.463768115942029,32,0,9.26,498,0.7670682730923695,382,55,0.6909090909090909,38,0.09947643979057591,0,0,22,5,,27,5,0.18518518518518517,54.18,94,0.6808510638297872,64,0.16753926701570682,102,20,37,45,0,4-2-3-1 (86.02%),12,15,6,0.4,7,3,0.42857142857142855,0.5,6,0.5,0.3333333333333333,3,1,0,,0,0.0,0.8,20,16,15,4,0.82
2023,2023-10-29,UC Irvine Anteaters - UC San Diego Tritons 3:1,United States. NCAA D1 Big West,101,False,UC San Diego Tritons,24,0.5,12,19.8,3.24,21.86,64,0.859375,55,0.1858108108108108,14,3,4,3,0.75,2,2,1.0,20,6,0.3,5,5,69,0.5362318840579711,37,0.06999999999999995,215,0.5162790697674419,111,177,0.5875706214689266,104,0.35135135135135137,15,2,1,-2,6,1,53,109,0.7798165137614679,85,0.28716216216216217,15.33,63,0.42857142857142855,27,0.09121621621621621,159,65,26,68,17.16,77,0.4935064935064935,38,2,9.15,411,0.7201946472019465,296,61,0.4098360655737705,25,0.08445945945945946,0,0,28,1,,30,9,0.3,45.82,73,0.5342465753424658,39,0.13175675675675674,118,16,47,55,0,4-4-2 (100.0%),15,12,6,0.5,10,4,0.4,0.6666666666666666,6,0.4,0.3333333333333333,6,2,0,,0,0.0,0.9117647058823529,34,31,13,0,0.93
