game,x1,y1,won,player
Pacific,63.6,72.0,False,13
Pacific,31.200000000000003,4.8,True,17
Pacific,45.6,24.0,False,10
Pacific,37.2,54.400000000000006,False,13
Pacific,43.199999999999996,52.0,False,10
Pacific,52.8,38.4,True,8
Pacific,73.2,12.0,False,3
Pacific,64.80000000000001,7.199999999999999,True,21
Pacific,42.0,29.6,True,8
Pacific,15.600000000000001,12.8,False,4
Pacific,51.6,27.200000000000003,True,8
Pacific,64.80000000000001,19.2,True,3
Pacific,75.6,15.2,False,21
Pacific,75.6,18.400000000000002,False,23
Pacific,19.2,12.0,True,17
Pacific,15.600000000000001,19.2,False,17
Pacific,44.4,35.2,True,10
Pacific,56.4,74.4,False,7
Pacific,26.4,48.8,False,13
Pacific,34.8,73.60000000000001,True,13
Pacific,98.39999999999999,75.19999999999999,False,7
Pacific,78.0,6.4,True,21
Pacific,86.39999999999999,35.2,True,8
Pacific,92.4,6.4,True,23
Pacific,72.0,59.2,True,14
Pacific,87.6,12.8,True,3
Pacific,115.19999999999999,19.2,True,21
Pacific,68.39999999999999,3.2,True,21
Pacific,44.4,8.8,True,3
Pacific,105.6,16.0,False,23
Pacific,108.0,72.8,True,13
Pacific,33.6,25.6,True,8
Pacific,31.200000000000003,20.0,True,4
Pacific,68.39999999999999,30.4,True,4
Pacific,61.2,7.199999999999999,False,17
Pacific,68.39999999999999,71.2,True,15
Pacific,79.2,72.8,True,15
Pacific,66.0,64.80000000000001,True,14
Pacific,14.399999999999999,12.8,True,17
Pacific,15.600000000000001,16.0,True,3
Pacific,16.8,4.8,False,17
Pacific,82.8,64.80000000000001,False,5
Pacific,85.19999999999999,73.60000000000001,False,15
Pacific,78.0,72.0,False,13
Pacific,33.6,4.0,True,8
Pacific,15.600000000000001,56.8,False,17
Pacific,74.4,67.2,True,13
Pacific,70.8,4.0,False,9
Pacific,56.4,4.8,True,17
Pacific,37.2,32.8,False,4
Pacific,37.2,47.199999999999996,True,13
Pacific,64.80000000000001,26.400000000000002,True,4
Pacific,96.0,16.0,True,21
Pacific,96.0,16.0,True,17
Pacific,40.800000000000004,56.0,True,13
Pacific,40.800000000000004,4.0,True,17
Pacific,66.0,33.6,False,3
Pacific,10.799999999999999,72.8,True,13
Pacific,68.39999999999999,69.6,True,8
Pacific,103.2,33.6,True,10
Pacific,58.8,77.6,True,13
Pacific,61.2,69.6,True,7
Pacific,44.4,63.2,True,8
Pacific,44.4,69.6,True,7
Pacific,25.2,26.400000000000002,False,4
Pacific,84.0,75.19999999999999,False,13
Pacific,70.8,73.60000000000001,True,8
Pacific,70.8,65.6,True,14
Pacific,76.8,70.4,False,14
Pacific,73.2,73.60000000000001,True,7
Pacific,72.0,8.0,True,15
Pacific,78.0,20.0,True,8
Pacific,84.0,59.2,False,10
Pacific,22.8,73.60000000000001,True,14
Pacific,7.199999999999999,55.199999999999996,False,14
Pacific,46.800000000000004,74.4,False,13
Pacific,38.4,68.8,False,7
Pacific,45.6,66.39999999999999,True,14
Pacific,28.799999999999997,17.6,True,17
Pacific,43.199999999999996,26.400000000000002,True,3
Pacific,50.4,12.8,True,17
Pacific,73.2,57.599999999999994,True,14
Pacific,78.0,11.200000000000001,True,17
Pacific,52.8,72.8,True,13
Pacific,63.6,59.2,False,26
Pacific,27.6,70.4,True,26
Pacific,30.0,75.19999999999999,False,15
Pacific,30.0,35.2,False,0
Pacific,50.4,49.6,True,14
Pacific,79.2,74.4,True,7
Pacific,75.6,75.19999999999999,True,13
Pacific,84.0,75.19999999999999,True,7
Pacific,48.0,75.19999999999999,True,14
Pacific,37.2,54.400000000000006,False,4
Pacific,38.4,40.8,True,21
Pacific,37.2,44.0,True,3
Pacific,67.2,35.2,True,8
Pacific,43.199999999999996,5.6000000000000005,True,17
Irvine,50.4,4.0,True,21
Irvine,93.60000000000001,9.6,False,23
Irvine,112.8,65.6,False,7
Irvine,90.0,72.8,True,13
Irvine,52.8,6.4,True,17
Irvine,10.799999999999999,64.80000000000001,True,13
Irvine,32.400000000000006,26.400000000000002,True,8
Irvine,85.19999999999999,69.6,True,10
Irvine,64.80000000000001,68.8,True,14
Irvine,32.400000000000006,24.0,True,8
Irvine,72.0,68.8,True,7
Irvine,48.0,5.6000000000000005,True,21
Irvine,63.6,2.4,True,17
Irvine,78.0,18.400000000000002,True,17
Irvine,28.799999999999997,73.60000000000001,True,13
Irvine,30.0,12.0,True,21
Irvine,42.0,3.2,True,21
Irvine,36.0,18.400000000000002,True,6
Irvine,70.8,2.4,True,21
Irvine,69.6,4.8,True,21
Irvine,10.799999999999999,4.8,True,6
Irvine,40.800000000000004,8.8,True,17
Irvine,69.6,4.0,True,17
Irvine,60.0,4.8,False,3
Irvine,76.8,63.2,True,13
Irvine,50.4,23.2,True,8
Irvine,34.8,73.60000000000001,True,13
Irvine,69.6,10.4,True,21
Irvine,15.600000000000001,42.400000000000006,True,14
Irvine,36.0,72.8,False,10
Irvine,20.400000000000002,8.0,True,8
Irvine,25.2,3.2,True,5
Irvine,13.2,21.6,True,10
Irvine,4.8,4.8,True,10
Irvine,12.0,4.0,True,8
Irvine,14.399999999999999,24.0,True,6
Irvine,46.800000000000004,4.0,True,18
Irvine,37.2,10.4,True,8
Irvine,39.6,15.2,True,9
Irvine,45.6,11.200000000000001,True,5
Irvine,90.0,68.8,False,15
Irvine,61.2,43.2,True,8
Irvine,81.60000000000001,74.4,True,13
Irvine,70.8,71.2,True,8
Irvine,90.0,60.0,True,10
Irvine,68.39999999999999,60.0,True,8
Irvine,55.2,68.8,True,14
Irvine,57.599999999999994,76.0,True,8
Irvine,51.6,56.0,True,3
Irvine,54.0,41.6,False,8
Irvine,10.799999999999999,13.600000000000001,True,17
Irvine,30.0,21.6,True,6
Irvine,12.0,73.60000000000001,True,13
Irvine,31.200000000000003,7.199999999999999,True,17
Irvine,34.8,28.799999999999997,True,10
Irvine,13.2,70.4,False,13
Irvine,21.599999999999998,76.0,True,15
Irvine,76.8,49.6,False,8
Irvine,66.0,25.6,True,17
Irvine,42.0,75.19999999999999,True,13
Irvine,51.6,74.4,True,15
Irvine,88.8,57.599999999999994,False,8
Irvine,68.39999999999999,77.6,True,13
Irvine,73.2,16.8,False,3
Irvine,51.6,75.19999999999999,True,5
Irvine,46.800000000000004,75.19999999999999,True,13
Irvine,55.2,68.8,True,15
Irvine,45.6,12.8,True,3
Irvine,27.6,7.199999999999999,True,17
Irvine,19.2,11.200000000000001,True,17
Irvine,10.799999999999999,19.2,True,6
Irvine,25.2,5.6000000000000005,False,21
Irvine,20.400000000000002,8.0,True,17
Irvine,21.599999999999998,3.2,True,21
Irvine,6.0,7.199999999999999,True,6
Irvine,3.5999999999999996,4.0,True,17
Irvine,52.8,45.599999999999994,True,21
Irvine,49.199999999999996,78.4,True,13
Irvine,81.60000000000001,59.2,True,15
Irvine,76.8,62.400000000000006,True,10
Irvine,50.4,24.0,True,6
Irvine,48.0,76.8,False,15
Irvine,63.6,8.0,True,17
Irvine,67.2,4.8,True,3
Irvine,108.0,68.0,False,15
Irvine,69.6,68.0,False,13
Irvine,39.6,54.400000000000006,True,13
Irvine,39.6,76.0,True,13
Irvine,44.4,76.0,True,15
SDSU,98.39999999999999,6.4,True,21
SDSU,86.39999999999999,1.6,False,17
SDSU,84.0,2.4,False,8
SDSU,61.2,55.199999999999996,True,10
SDSU,46.800000000000004,65.6,False,10
SDSU,54.0,76.8,True,7
SDSU,38.4,52.0,True,8
SDSU,36.0,43.2,True,8
SDSU,86.39999999999999,15.2,True,8
SDSU,55.2,44.800000000000004,True,10
SDSU,55.2,2.4,True,8
SDSU,74.4,4.8,True,21
SDSU,58.8,60.8,True,10
SDSU,40.800000000000004,1.6,False,17
SDSU,73.2,14.399999999999999,True,8
SDSU,116.39999999999999,4.8,True,21
SDSU,105.6,74.4,True,7
SDSU,86.39999999999999,68.8,True,8
SDSU,66.0,62.400000000000006,True,8
SDSU,72.0,51.2,False,23
SDSU,93.60000000000001,60.8,False,10
SDSU,51.6,14.399999999999999,True,17
SDSU,28.799999999999997,65.6,False,13
SDSU,13.2,67.2,False,14
SDSU,56.4,72.0,True,23
SDSU,30.0,48.8,False,14
SDSU,16.8,52.800000000000004,True,7
SDSU,42.0,67.2,True,13
SDSU,34.8,72.0,True,10
SDSU,30.0,31.200000000000003,True,8
SDSU,78.0,3.2,True,21
SDSU,30.0,33.6,False,3
SDSU,86.39999999999999,62.400000000000006,False,13
SDSU,13.2,26.400000000000002,True,3
SDSU,55.2,44.0,True,10
SDSU,43.199999999999996,66.39999999999999,False,8
SDSU,76.8,16.8,True,8
SDSU,90.0,74.4,False,13
SDSU,27.6,3.2,True,18
SDSU,46.800000000000004,39.2,False,10
SDSU,69.6,4.8,False,8
SDSU,68.39999999999999,11.200000000000001,False,8
SDSU,39.6,74.4,True,13
SDSU,39.6,64.0,True,10
SDSU,38.4,72.0,False,13
SDSU,25.2,64.80000000000001,True,14
SDSU,10.799999999999999,8.0,True,17
SDSU,16.8,5.6000000000000005,True,3
SDSU,43.199999999999996,11.200000000000001,True,23
SDSU,38.4,75.19999999999999,False,13
SDSU,81.60000000000001,4.0,True,17
SDSU,51.6,77.6,False,13
SDSU,42.0,60.0,True,7
SDSU,46.800000000000004,62.400000000000006,False,23
SDSU,45.6,25.6,True,6
SDSU,42.0,44.800000000000004,False,7
SDSU,18.0,8.0,False,17
SDSU,72.0,76.0,True,13
SDSU,70.8,4.8,True,17
SDSU,72.0,13.600000000000001,True,21
SDSU,50.4,48.8,False,3
SDSU,114.0,72.0,True,7
SDSU,44.4,64.80000000000001,False,10
SDSU,82.8,75.19999999999999,True,10
SDSU,70.8,66.39999999999999,False,8
SDSU,73.2,52.0,True,8
SDSU,14.399999999999999,53.6,True,14
SDSU,13.2,36.800000000000004,True,3
SDSU,54.0,5.6000000000000005,True,17
SDSU,85.19999999999999,28.799999999999997,False,23
SDSU,22.8,22.400000000000002,True,6
SDSU,33.6,75.19999999999999,True,13
SDSU,34.8,65.6,True,15
SDSU,13.2,67.2,True,13
SDSU,73.2,68.0,True,23
SDSU,73.2,2.4,True,21
SDSU,116.39999999999999,72.8,True,15
SDSU,75.6,61.6,False,8
SDSU,13.2,56.8,True,13
SDSU,26.4,78.4,True,15
SDSU,20.400000000000002,71.2,True,3
SDSU,66.0,71.2,True,10
SDSU,66.0,75.19999999999999,False,8
SDSU,54.0,28.0,True,10
SDSU,52.8,50.4,True,8
SDSU,44.4,39.2,True,10
SDSU,48.0,68.8,True,13
SDSU,6.0,19.2,True,17
SDSU,66.0,76.8,True,8
SDSU,78.0,68.0,False,8
SDSU,50.4,3.2,True,17
SDSU,98.39999999999999,23.2,True,21
SDSU,108.0,21.6,False,21
SDSU,67.2,61.6,False,8
SDSU,31.200000000000003,14.399999999999999,False,6
SDSU,38.4,49.6,True,15
SDSU,80.4,71.2,True,15
SDSU,79.2,76.8,True,8
SDSU,66.0,76.8,True,13
SDSU,50.4,8.8,False,21
SDSU,36.0,78.4,True,13
Washington State,39.6,73.60000000000001,True,13
Washington State,43.199999999999996,60.8,True,10
Washington State,96.0,60.8,True,15
Washington State,48.0,6.4,True,17
Washington State,67.2,8.0,True,17
Washington State,72.0,4.8,True,21
Washington State,26.4,7.199999999999999,True,17
Washington State,30.0,73.60000000000001,True,15
Washington State,7.199999999999999,75.19999999999999,True,13
Washington State,81.60000000000001,63.2,False,10
Washington State,79.2,39.2,True,10
Washington State,33.6,24.8,False,8
Washington State,37.2,48.8,True,13
Washington State,76.8,65.6,True,15
Washington State,55.2,61.6,True,14
Washington State,79.2,40.0,True,8
Washington State,45.6,46.4,True,23
Washington State,4.8,68.8,True,13
Washington State,52.8,62.400000000000006,True,14
Washington State,84.0,5.6000000000000005,True,8
Washington State,72.0,4.0,True,17
Washington State,70.8,3.2,True,17
Washington State,91.2,51.2,True,23
Washington State,50.4,6.4,True,21
Washington State,39.6,22.400000000000002,True,8
Washington State,48.0,3.2,False,17
Washington State,24.0,7.199999999999999,True,17
Washington State,21.599999999999998,27.200000000000003,True,6
Washington State,15.600000000000001,54.400000000000006,True,15
Washington State,75.6,59.2,True,15
Washington State,27.6,64.0,False,13
Washington State,8.4,66.39999999999999,True,15
Washington State,46.800000000000004,11.200000000000001,True,7
Washington State,76.8,24.8,True,8
Washington State,2.4,5.6000000000000005,False,17
Washington State,30.0,35.2,True,23
Washington State,22.8,29.6,True,6
Washington State,20.400000000000002,20.0,True,17
Washington State,15.600000000000001,11.200000000000001,False,8
Washington State,20.400000000000002,2.4,True,8
Washington State,13.2,4.0,True,17
Washington State,8.4,60.8,False,13
Washington State,27.6,11.200000000000001,False,17
Washington State,12.0,5.6000000000000005,True,21
Washington State,31.200000000000003,7.199999999999999,True,28
Washington State,22.8,26.400000000000002,True,17
Washington State,26.4,32.0,False,6
Washington State,81.60000000000001,6.4,False,17
Washington State,114.0,60.0,True,7
Washington State,76.8,2.4,True,17
Washington State,50.4,3.2,True,18
Washington State,26.4,39.2,True,13
Washington State,45.6,30.4,False,9
Washington State,42.0,15.2,True,17
Washington State,74.4,55.199999999999996,True,13
Washington State,15.600000000000001,12.0,False,17
Washington State,25.2,1.6,True,6
Washington State,31.200000000000003,76.8,False,13
Washington State,26.4,73.60000000000001,True,13
Washington State,102.0,9.6,True,17
Washington State,69.6,53.6,False,13
Washington State,73.2,54.400000000000006,False,10
Washington State,27.6,55.199999999999996,False,14
Washington State,32.400000000000006,76.8,True,13
Washington State,40.800000000000004,68.8,False,13
Washington State,21.599999999999998,4.0,True,17
Washington State,16.8,6.4,False,17
Washington State,16.8,68.8,True,10
Washington State,25.2,68.0,True,15
Washington State,22.8,75.19999999999999,False,15
Washington State,94.80000000000001,69.6,True,15
Washington State,22.8,72.8,False,13
Washington State,7.199999999999999,13.600000000000001,True,17
Washington State,9.6,9.6,True,21
Washington State,15.600000000000001,12.0,True,3
Washington State,98.39999999999999,10.4,False,23
Washington State,45.6,72.8,True,13
Washington State,43.199999999999996,73.60000000000001,True,7
Washington State,31.200000000000003,76.0,True,7
Washington State,38.4,65.6,False,8
Washington State,33.6,22.400000000000002,True,17
Washington State,39.6,36.0,False,10
Washington State,16.8,32.0,True,6
Washington State,36.0,16.8,True,3
Washington State,40.800000000000004,21.6,False,17
Washington State,19.2,70.4,True,7
Washington State,51.6,74.4,True,26
Washington State,22.8,72.0,False,26
Washington State,82.8,31.200000000000003,True,8
Washington State,79.2,63.2,False,8
Washington State,68.39999999999999,76.8,False,7
Washington State,45.6,46.4,True,6
Washington State,66.0,67.2,True,7
Washington State,94.80000000000001,4.0,True,15
Washington State,15.600000000000001,67.2,True,14
Washington State,40.800000000000004,22.400000000000002,True,10
Washington State,30.0,74.4,True,15
Washington State,10.799999999999999,61.6,False,6
Washington State,12.0,12.8,False,6
Washington State,49.199999999999996,70.4,False,13
Washington State,49.199999999999996,12.8,True,21
Washington State,38.4,56.8,True,10
Washington State,36.0,48.8,False,26
Washington State,26.4,48.0,False,14
Washington State,37.2,74.4,False,26
Washington State,26.4,70.4,False,14
Washington State,25.2,24.0,True,6
Washington State,28.799999999999997,76.8,False,26
Idaho,46.800000000000004,66.39999999999999,True,14
Idaho,34.8,62.400000000000006,True,8
Idaho,39.6,40.0,True,3
Idaho,31.200000000000003,9.6,True,21
Idaho,24.0,11.200000000000001,True,17
Idaho,22.8,14.399999999999999,False,17
Idaho,8.4,23.2,True,17
Idaho,54.0,60.8,True,8
Idaho,75.6,17.6,True,17
Idaho,72.0,5.6000000000000005,True,17
Idaho,80.4,41.6,False,3
Idaho,55.2,25.6,False,15
Idaho,70.8,60.0,True,14
Idaho,90.0,70.4,True,8
Idaho,37.2,45.599999999999994,True,8
Idaho,10.799999999999999,12.8,True,6
Idaho,12.0,9.6,True,17
Idaho,44.4,64.80000000000001,True,8
Idaho,76.8,75.19999999999999,False,13
Idaho,70.8,68.0,True,14
Idaho,75.6,67.2,False,8
Idaho,18.0,76.0,True,14
Idaho,37.2,32.8,False,8
Idaho,72.0,60.0,True,3
Idaho,69.6,69.6,True,13
Idaho,31.200000000000003,60.8,True,6
Idaho,48.0,72.0,False,13
Idaho,31.200000000000003,9.6,True,17
Idaho,108.0,20.0,True,21
Idaho,57.599999999999994,61.6,True,8
Idaho,39.6,6.4,True,17
Idaho,74.4,25.6,True,17
Idaho,84.0,59.2,False,7
Idaho,13.2,13.600000000000001,False,17
Idaho,14.399999999999999,12.8,False,17
Idaho,63.6,8.8,False,18
Idaho,67.2,7.199999999999999,True,17
Idaho,79.2,71.2,False,9
Idaho,74.4,12.8,True,8
Idaho,68.39999999999999,70.4,True,13
Idaho,27.6,72.8,True,14
Idaho,44.4,28.0,True,17
Idaho,49.199999999999996,68.8,True,14
Idaho,62.400000000000006,16.0,True,8
Idaho,33.6,42.400000000000006,True,13
Idaho,58.8,66.39999999999999,True,13
Idaho,9.6,7.199999999999999,True,17
Idaho,33.6,19.2,True,8
Idaho,8.4,10.4,False,6
Idaho,39.6,57.599999999999994,True,10
Idaho,33.6,4.0,True,17
Idaho,79.2,71.2,True,10
Idaho,62.400000000000006,66.39999999999999,True,13
Idaho,40.800000000000004,53.6,True,8
Idaho,73.2,51.2,True,8
Idaho,75.6,49.6,False,3
Idaho,50.4,64.80000000000001,True,10
Idaho,82.8,72.8,True,15
Idaho,96.0,71.2,True,15
Idaho,78.0,56.0,True,14
Idaho,57.599999999999994,19.2,True,8
Idaho,82.8,19.2,True,8
Idaho,76.8,17.6,False,3
Idaho,84.0,7.199999999999999,False,3
Idaho,45.6,66.39999999999999,True,23
Idaho,61.2,15.2,False,17
Idaho,10.799999999999999,9.6,True,6
Idaho,31.200000000000003,9.6,False,17
Idaho,34.8,72.0,False,14
Idaho,20.400000000000002,7.199999999999999,False,17
Idaho,82.8,60.0,False,18
Idaho,32.400000000000006,14.399999999999999,True,17
Idaho,81.60000000000001,31.200000000000003,True,9
Idaho,39.6,68.0,True,13
Idaho,80.4,62.400000000000006,True,23
Idaho,25.2,3.2,True,17
Idaho,24.0,13.600000000000001,True,3
Idaho,26.4,51.2,True,8
Idaho,68.39999999999999,60.0,True,14
Idaho,80.4,58.4,False,23
Idaho,36.0,11.200000000000001,True,17
Idaho,39.6,9.6,True,21
Idaho,50.4,4.8,False,23
Idaho,40.800000000000004,66.39999999999999,False,13
Idaho,32.400000000000006,28.0,True,17
Idaho,80.4,12.8,True,3
Idaho,67.2,8.8,False,3
Idaho,36.0,45.599999999999994,True,13
CBU,57.599999999999994,5.6000000000000005,False,3
CBU,62.400000000000006,54.400000000000006,False,8
CBU,63.6,5.6000000000000005,True,3
CBU,42.0,20.0,True,8
CBU,51.6,76.0,False,3
CBU,109.2,60.0,False,15
CBU,27.6,72.8,True,15
CBU,50.4,75.19999999999999,True,13
CBU,60.0,12.0,True,17
CBU,42.0,72.8,True,13
CBU,37.2,15.2,True,10
CBU,93.60000000000001,75.19999999999999,True,28
CBU,56.4,4.0,True,17
CBU,64.80000000000001,15.2,True,8
CBU,51.6,32.0,False,14
CBU,36.0,29.6,False,6
CBU,25.2,23.2,False,17
CBU,111.60000000000001,8.8,False,28
CBU,74.4,78.4,False,15
CBU,61.2,71.2,True,8
CBU,54.0,55.199999999999996,False,10
CBU,45.6,76.0,True,13
CBU,87.6,5.6000000000000005,True,21
CBU,38.4,15.2,False,8
CBU,43.199999999999996,65.6,True,3
CBU,44.4,79.2,True,15
CBU,82.8,8.8,True,17
CBU,70.8,13.600000000000001,True,8
CBU,70.8,76.8,True,15
CBU,31.200000000000003,76.0,True,14
CBU,39.6,30.4,True,8
CBU,38.4,43.2,False,10
CBU,40.800000000000004,52.800000000000004,True,14
CBU,15.600000000000001,76.8,True,13
CBU,49.199999999999996,60.8,True,3
CBU,75.6,73.60000000000001,False,13
CBU,54.0,36.800000000000004,True,3
CBU,74.4,75.19999999999999,False,10
CBU,66.0,14.399999999999999,True,17
CBU,55.2,42.400000000000006,True,8
CBU,30.0,59.2,True,13
CBU,66.0,27.200000000000003,True,6
CBU,31.200000000000003,72.8,True,6
CBU,32.400000000000006,77.6,True,9
CBU,6.0,76.8,True,13
CBU,3.5999999999999996,73.60000000000001,True,9
CBU,14.399999999999999,77.6,True,13
CBU,12.0,77.6,True,8
CBU,18.0,77.6,True,8
CBU,13.2,76.8,True,13
CBU,7.199999999999999,77.6,True,13
CBU,8.4,76.8,False,3
CBU,8.4,77.6,False,13
CBU,6.0,78.4,True,13
CBU,4.8,73.60000000000001,True,8
Nevada,52.8,21.6,True,23
Nevada,63.6,6.4,False,17
Nevada,45.6,30.4,True,10
Nevada,74.4,5.6000000000000005,True,21
Nevada,75.6,4.0,True,21
Nevada,79.2,4.8,True,3
Nevada,85.19999999999999,26.400000000000002,False,23
Nevada,108.0,72.8,True,15
Nevada,69.6,13.600000000000001,True,17
Nevada,32.400000000000006,4.0,True,17
Nevada,45.6,28.799999999999997,True,23
Nevada,67.2,72.8,True,13
Nevada,80.4,24.0,True,21
Nevada,51.6,3.2,True,17
Nevada,68.39999999999999,4.8,True,17
Nevada,80.4,68.8,True,15
Nevada,78.0,64.0,True,13
Nevada,90.0,50.4,True,10
Nevada,64.80000000000001,6.4,True,17
Nevada,44.4,24.0,True,6
Nevada,34.8,5.6000000000000005,True,17
Nevada,6.0,69.6,True,13
Nevada,76.8,60.0,True,13
Nevada,66.0,4.0,True,17
Nevada,51.6,6.4,True,21
Nevada,38.4,17.6,True,6
Nevada,52.8,8.0,True,17
Nevada,44.4,16.8,True,8
Nevada,16.8,7.199999999999999,False,17
Nevada,64.80000000000001,16.0,True,3
Nevada,74.4,8.0,True,17
Nevada,50.4,64.80000000000001,True,13
Nevada,34.8,24.0,True,8
Nevada,14.399999999999999,19.2,False,6
Nevada,66.0,8.8,True,21
Nevada,50.4,8.8,True,6
Nevada,16.8,12.8,False,17
Nevada,3.5999999999999996,41.6,True,13
Nevada,39.6,34.4,False,28
Nevada,33.6,52.0,True,5
Nevada,51.6,4.0,True,27
Nevada,49.199999999999996,26.400000000000002,True,6
Nevada,54.0,37.599999999999994,True,8
Nevada,72.0,27.200000000000003,True,8
Nevada,36.0,56.8,False,13
Nevada,25.2,69.6,False,13
Nevada,30.0,54.400000000000006,False,5
Nevada,28.799999999999997,70.4,True,13
Nevada,48.0,6.4,True,8
Nevada,68.39999999999999,18.400000000000002,True,9
Nevada,62.400000000000006,13.600000000000001,False,19
Nevada,44.4,8.8,False,17
Nevada,42.0,28.799999999999997,True,17
Nevada,54.0,7.199999999999999,True,17
Nevada,33.6,19.2,True,21
Nevada,30.0,20.0,True,6
Nevada,33.6,17.6,True,3
Nevada,24.0,18.400000000000002,True,8
Nevada,15.600000000000001,26.400000000000002,True,6
Nevada,48.0,76.0,True,13
Nevada,44.4,8.0,True,17
Nevada,67.2,65.6,True,13
Nevada,42.0,72.8,True,13
Nevada,45.6,57.599999999999994,False,8
Nevada,67.2,20.0,True,14
Nevada,67.2,75.19999999999999,False,13
Nevada,38.4,72.8,False,14
Nevada,45.6,52.800000000000004,False,10
Nevada,79.2,75.19999999999999,True,13
Nevada,79.2,72.8,True,10
Nevada,25.2,10.4,True,17
Nevada,106.8,74.4,True,8
Nevada,80.4,70.4,True,15
Nevada,78.0,75.19999999999999,True,13
Nevada,81.60000000000001,68.8,True,15
Nevada,78.0,59.2,True,6
Nevada,70.8,76.8,True,13
Nevada,58.8,33.6,True,8
Nevada,38.4,69.6,False,13
Nevada,51.6,73.60000000000001,True,8
Nevada,55.2,75.19999999999999,True,13
Nevada,16.8,55.199999999999996,True,14
Nevada,7.199999999999999,11.200000000000001,False,8
Nevada,79.2,75.19999999999999,True,5
Nevada,49.199999999999996,16.8,True,27
Nevada,49.199999999999996,11.200000000000001,False,17
Nevada,46.800000000000004,10.4,False,17
Nevada,67.2,72.8,True,26
Nevada,66.0,75.19999999999999,False,14
Nevada,40.800000000000004,64.0,True,6
Nevada,49.199999999999996,67.2,False,26
Nevada,24.0,40.0,True,17
Nevada,24.0,12.0,False,17
Nevada,15.600000000000001,23.2,False,9
Nevada,49.199999999999996,68.8,False,14
Nevada,14.399999999999999,57.599999999999994,True,14
Nevada,42.0,32.8,True,9
Nevada,78.0,68.0,True,8
Nevada,37.2,40.8,True,8
Nevada,45.6,43.2,False,22
Nevada,16.8,38.4,True,26
Nevada,48.0,9.6,True,27
Nevada,75.6,48.8,False,14
Pepperdine,22.8,34.4,True,8
Pepperdine,16.8,72.8,True,13
Pepperdine,63.6,4.8,True,17
Pepperdine,31.200000000000003,36.0,False,8
Pepperdine,93.60000000000001,36.0,False,23
Pepperdine,92.4,19.2,True,23
Pepperdine,68.39999999999999,4.0,False,21
Pepperdine,58.8,43.2,True,10
Pepperdine,7.199999999999999,17.6,True,17
Pepperdine,54.0,51.2,True,8
Pepperdine,32.400000000000006,42.400000000000006,False,8
Pepperdine,109.2,40.0,False,21
Pepperdine,48.0,76.0,True,15
Pepperdine,38.4,36.0,True,23
Pepperdine,16.8,33.6,False,17
Pepperdine,63.6,41.6,False,10
Pepperdine,55.2,4.8,True,21
Pepperdine,6.0,12.0,True,17
Pepperdine,24.0,52.0,True,14
Pepperdine,32.400000000000006,59.2,True,15
Pepperdine,82.8,32.8,True,21
Pepperdine,56.4,5.6000000000000005,True,21
Pepperdine,94.80000000000001,78.4,False,13
Pepperdine,76.8,55.199999999999996,True,8
Pepperdine,76.8,40.0,True,8
Pepperdine,72.0,72.0,True,10
Pepperdine,34.8,16.0,True,8
Pepperdine,37.2,20.0,True,5
Pepperdine,38.4,16.0,True,3
Pepperdine,114.0,74.4,True,15
Pepperdine,61.2,63.2,True,27
Pepperdine,34.8,41.6,True,8
Pepperdine,39.6,76.8,True,5
Pepperdine,51.6,14.399999999999999,True,19
Pepperdine,38.4,35.2,False,8
Pepperdine,8.4,68.0,True,26
Pepperdine,69.6,2.4,True,18
Pepperdine,72.0,4.0,True,19
Pepperdine,52.8,7.199999999999999,False,18
Pepperdine,38.4,2.4,True,17
Pepperdine,37.2,62.400000000000006,True,27
Pepperdine,52.8,34.4,True,9
Pepperdine,78.0,62.400000000000006,True,10
Pepperdine,86.39999999999999,7.199999999999999,False,17
Pepperdine,88.8,78.4,True,15
Pepperdine,66.0,48.8,True,17
Pepperdine,75.6,51.2,True,8
Pepperdine,93.60000000000001,43.2,True,21
Pepperdine,91.2,50.4,True,10
Pepperdine,69.6,28.0,True,8
Pepperdine,49.199999999999996,11.200000000000001,True,23
Pepperdine,37.2,77.6,False,13
Pepperdine,24.0,65.6,True,13
Pepperdine,39.6,71.2,True,10
Pepperdine,15.600000000000001,12.0,True,17
Pepperdine,4.8,28.0,True,14
Pepperdine,97.2,72.8,False,3
Pepperdine,37.2,40.0,True,15
Pepperdine,16.8,50.4,True,13
Pepperdine,26.4,62.400000000000006,True,6
Pepperdine,18.0,32.0,True,3
Pepperdine,37.2,54.400000000000006,True,14
Pepperdine,93.60000000000001,3.2,True,21
Pepperdine,6.0,53.6,True,14
Pepperdine,80.4,15.2,False,21
Pepperdine,22.8,14.399999999999999,True,17
Pepperdine,60.0,38.4,False,8
Pepperdine,49.199999999999996,62.400000000000006,False,8
Pepperdine,33.6,46.4,True,17
Pepperdine,79.2,64.0,True,15
Pepperdine,80.4,70.4,False,23
Pepperdine,75.6,44.800000000000004,True,8
Pepperdine,43.199999999999996,52.0,False,10
Pepperdine,50.4,50.4,True,27
Pepperdine,9.6,28.799999999999997,True,17
Pepperdine,21.599999999999998,32.0,True,6
Pepperdine,76.8,6.4,True,21
Pepperdine,7.199999999999999,76.0,False,26
Pepperdine,3.5999999999999996,78.4,True,3
Pepperdine,9.6,76.8,True,26
SF,72.0,72.0,False,21
SF,27.6,68.0,True,13
SF,8.4,37.599999999999994,True,6
SF,61.2,57.599999999999994,True,11
SF,24.0,52.800000000000004,False,14
SF,56.4,32.0,False,7
SF,36.0,15.2,True,3
SF,37.2,69.6,True,21
SF,32.400000000000006,30.4,True,3
SF,79.2,53.6,False,10
SF,37.2,47.199999999999996,True,5
SF,9.6,4.8,False,17
SF,34.8,6.4,True,14
SF,36.0,8.0,True,17
SF,18.0,6.4,False,14
SF,26.4,21.6,True,6
SF,25.2,21.6,True,3
SF,20.400000000000002,9.6,True,17
SF,73.2,71.2,False,13
SF,32.400000000000006,70.4,True,13
SF,109.2,60.8,True,11
SF,87.6,55.199999999999996,False,10
SF,51.6,7.199999999999999,True,3
SF,66.0,15.2,False,17
SF,64.80000000000001,22.400000000000002,True,23
SF,48.0,8.0,False,3
SF,74.4,6.4,True,15
SF,76.8,5.6000000000000005,True,15
SF,67.2,63.2,True,21
SF,51.6,65.6,True,13
SF,44.4,35.2,True,14
SF,73.2,14.399999999999999,True,15
SF,48.0,55.199999999999996,False,14
SF,20.400000000000002,48.8,False,14
SF,46.800000000000004,16.0,False,3
SF,37.2,71.2,False,13
SF,15.600000000000001,53.6,True,14
SF,30.0,64.0,True,27
SF,31.200000000000003,61.6,True,5
SF,20.400000000000002,56.0,True,14
SF,16.8,55.199999999999996,True,27
SF,38.4,36.0,True,3
SF,30.0,35.2,False,9
SF,56.4,34.4,True,14
SF,66.0,27.200000000000003,True,3
SF,52.8,71.2,False,9
SF,32.400000000000006,57.599999999999994,False,9
SF,28.799999999999997,64.80000000000001,True,9
SF,9.6,72.0,True,14
SF,14.399999999999999,72.8,True,13
SF,50.4,5.6000000000000005,True,15
SF,19.2,59.2,True,5
SF,16.8,76.8,True,13
SF,80.4,77.6,False,15
SF,43.199999999999996,19.2,False,3
SF,16.8,48.8,True,5
SF,96.0,76.8,True,15
SF,85.19999999999999,9.6,True,21
SF,75.6,19.2,True,11
SF,73.2,72.8,True,15
SF,39.6,20.8,False,17
SF,43.199999999999996,20.8,True,5
SF,52.8,61.6,True,14
SF,44.4,48.8,True,10
SF,86.39999999999999,75.19999999999999,True,15
SF,39.6,48.8,True,5
SF,82.8,60.8,True,11
SF,60.0,46.4,True,5
SF,27.6,12.8,True,5
SF,75.6,40.8,True,5
SF,76.8,56.8,True,15
SF,40.800000000000004,65.6,False,13
SF,32.400000000000006,78.4,False,13
SF,28.799999999999997,50.4,True,6
SF,46.800000000000004,71.2,False,10
SF,55.2,74.4,True,13
SF,15.600000000000001,28.799999999999997,True,3
SF,73.2,72.8,False,16
SF,31.200000000000003,77.6,True,13
SF,32.400000000000006,68.8,True,13
SF,50.4,68.8,True,10
SF,32.400000000000006,69.6,True,9
SF,12.0,57.599999999999994,False,14
SF,2.4,76.0,True,15
SF,15.600000000000001,76.8,True,15
SF,20.400000000000002,76.0,True,4
SF,6.0,59.2,True,14
SF,30.0,61.6,True,10
SF,14.399999999999999,72.0,True,4
SF,36.0,44.0,True,10
SF,43.199999999999996,76.8,True,15
SF,80.4,77.6,True,4
SF,28.799999999999997,10.4,True,17
SF,34.8,59.2,False,9
SF,42.0,10.4,True,17
SF,28.799999999999997,8.8,True,17
SF,37.2,20.8,False,9
SF,15.600000000000001,10.4,True,17
SF,7.199999999999999,11.200000000000001,True,17
SF,43.199999999999996,32.8,True,9
SF,48.0,75.19999999999999,True,18
SF,51.6,74.4,True,5
Cal,45.6,54.400000000000006,False,10
Cal,14.399999999999999,20.0,True,6
Cal,10.799999999999999,11.200000000000001,False,3
Cal,14.399999999999999,23.2,True,14
Cal,20.400000000000002,25.6,True,5
Cal,38.4,3.2,True,7
Cal,32.400000000000006,5.6000000000000005,True,17
Cal,33.6,70.4,True,13
Cal,14.399999999999999,9.6,True,17
Cal,13.2,12.0,True,17
Cal,102.0,75.19999999999999,True,10
Cal,38.4,68.8,True,13
Cal,44.4,62.400000000000006,True,14
Cal,55.2,36.0,True,7
Cal,76.8,8.8,True,17
Cal,69.6,76.8,True,21
Cal,15.600000000000001,10.4,False,17
Cal,28.799999999999997,5.6000000000000005,True,17
Cal,116.39999999999999,11.200000000000001,False,7
Cal,57.599999999999994,37.599999999999994,True,14
Cal,33.6,41.6,False,6
Cal,64.80000000000001,27.200000000000003,True,6
Cal,51.6,29.6,False,5
Cal,46.800000000000004,64.80000000000001,False,10
Cal,61.2,24.8,True,7
Cal,56.4,11.200000000000001,True,7
Cal,56.4,12.8,True,17
Cal,28.799999999999997,15.2,True,7
Cal,98.39999999999999,9.6,True,17
Cal,102.0,8.8,True,7
Cal,66.0,78.4,True,15
Cal,43.199999999999996,60.0,True,23
Cal,27.6,21.6,False,6
Cal,26.4,77.6,False,4
Cal,38.4,8.0,True,17
Cal,7.199999999999999,15.2,True,6
Cal,80.4,66.39999999999999,True,10
Cal,84.0,67.2,False,21
Cal,85.19999999999999,7.199999999999999,True,7
Cal,39.6,6.4,True,17
Cal,7.199999999999999,44.0,False,1
Cal,50.4,60.0,True,4
Cal,50.4,48.8,False,10
Cal,12.0,19.2,False,17
Cal,78.0,29.6,True,17
Cal,85.19999999999999,8.0,True,7
Cal,18.0,6.4,True,17
Cal,15.600000000000001,13.600000000000001,True,7
Cal,14.399999999999999,20.8,False,6
Cal,68.39999999999999,56.0,True,10
Cal,66.0,25.6,False,10
Cal,40.800000000000004,58.4,True,10
Cal,46.800000000000004,28.0,False,14
Cal,43.199999999999996,20.8,False,17
Cal,38.4,19.2,False,17
Cal,103.2,8.0,True,15
Cal,66.0,47.199999999999996,False,10
Cal,31.200000000000003,15.2,True,6
Cal,32.400000000000006,5.6000000000000005,True,6
Cal,36.0,4.0,True,17
Cal,39.6,3.2,False,15
Cal,69.6,63.2,False,14
Cal,21.599999999999998,37.599999999999994,False,17
Cal,18.0,4.8,False,15
Cal,28.799999999999997,5.6000000000000005,True,17
Cal,24.0,44.0,False,14
Cal,38.4,24.0,True,6
Cal,31.200000000000003,61.6,False,7
Cal,19.2,5.6000000000000005,False,27
Cal,63.6,26.400000000000002,True,10
Cal,73.2,60.0,False,10
Cal,20.400000000000002,25.6,False,14
Cal,78.0,53.6,True,10
Cal,66.0,61.6,True,4
Cal,67.2,16.8,True,5
Cal,69.6,46.4,True,10
Cal,22.8,6.4,True,17
