Date,Match,Competition,Duration,Team,Scheme,Goals,Difference in Goals/xG,xG,Shots,Shot on target percentage,Shots on target,Passes,Passes accurate,"Possession, %",Losses,Losses Low,Corners with shots percentage,Losses Medium,Losses High,Recoveries,Recoveries Low,Penalty conversion percentage,Recoveries Medium,Recoveries High,Crossing percentage,Duels,Duels won,Offensive duels percentage,Shots from outside penalty area,Shots from outside penalty area on target,Positional attacks,Positional attacks with shots,Counterattacks,Shots against on target percentage,Counterattacks with shots,Corners,Defensive duels percentage,Corners with shots,Free kicks,Aerial duels percentage,Free kicks with shots,Penalties,Sliding tackle percentage,Penalties converted,Crosses,Crosses accurate,Deep completed crosses,Deep completed passes,Penalty area entries (runs,Penalty area entries (runs crosses),Touches in penalty area,Passes percentage,Offensive duels,Offensive duels won,Offsides,Conceded goals,Shots against,Shots against on target,Defensive duels,Defensive duels won,Aerial duels,Aerial duels won,Sliding tackles,Duels percentage,Sliding tackles successful,Interceptions,Clearances,Fouls,Yellow cards,Red cards,Forward passes,Forward passes accurate,Forward passes percentage,Back passes,Back passes accurate,Back passes percentage,Lateral passes,Lateral passes accurate,Lateral passes percentage,Long passes,Long passes accurate,Long passes percentage,Passes to final third,Passes to final third accurate,Passes to final third percentage,Progressive passes,Progressive passes accurate,Progressive passes percentage,Smart passes,Smart passes accurate,Smart passes percentage,Throw ins,Throw ins accurate,Throw in percentage,Goal kicks,Match tempo,Average passes per possession,Long pass %,Average shot distance,Average pass length,PPDA,Minute
2023-08-25,UC San Diego Tritons - Pacific Tigers 1:2,United States. NCAA D1 Non-conference matches,15,Pacific Tigers,4-4-1-1 (100.0%),0,-0.02,0.02,2,0.0,0,80,66,60.31,22,5,,12,5,17,8,,7,2,0.0,37,20,0.2,2,0,2,2,0,,0,0,0.7,0,0,0.7272727272727273,0,0,,0,1,0,0,0,2,0,0,0.825,10,2,0,0,0,0,10,7,11,8,0,0.5405405405405406,0,6,5,1,0,0,18,12,0.6666666666666666,12,11,0.9166666666666666,43,39,0.9069767441860465,4,2,0.5,5,2,0.4,8,3,0.375,1,0,0.0,2,2,1.0,2,15.37,5.0,5.0,31.01,20.94,6.25,1-15
2023-08-25,UC San Diego Tritons - Pacific Tigers 1:2,United States. NCAA D1 Non-conference matches,15,Pacific Tigers,4-4-1-1 (100.0%),0,-0.15,0.15,3,0.0,0,95,85,73.45,13,0,0.3333333333333333,6,7,9,5,,1,3,0.3333333333333333,24,10,0.3333333333333333,1,0,1,0,3,,1,3,0.625,1,1,0.0,1,0,,0,3,1,1,1,7,0,2,0.8947368421052632,12,4,0,0,0,0,8,5,1,0,0,0.4166666666666667,0,2,1,2,0,0,34,28,0.8235294117647058,10,10,1.0,41,38,0.926829268292683,6,3,0.5,6,2,0.3333333333333333,11,10,0.9090909090909091,1,0,0.0,5,5,1.0,1,16.6,5.59,6.32,18.65,21.32,4.67,16-30
2023-08-25,UC San Diego Tritons - Pacific Tigers 1:2,United States. NCAA D1 Non-conference matches,15,Pacific Tigers,4-4-1-1 (100.0%),0,-0.44,0.44,7,0.14285714285714285,1,64,56,58.94,14,2,0.6666666666666666,5,7,10,4,,4,2,0.0,33,15,0.5,2,1,8,5,0,1.0,0,3,0.25,2,1,0.5,0,0,,0,1,0,0,4,6,0,9,0.875,16,8,0,1,1,1,4,1,10,5,0,0.45454545454545453,0,4,1,2,1,0,22,17,0.7727272727272727,9,9,1.0,27,25,0.9259259259259259,8,6,0.75,8,6,0.75,13,11,0.8461538461538461,0,0,,5,5,1.0,0,16.3,4.0,12.5,18.73,18.81,4.67,61-75
2023-08-25,UC San Diego Tritons - Pacific Tigers 1:2,United States. NCAA D1 Non-conference matches,15,Pacific Tigers,4-4-1-1 (100.0%),1,0.15000000000000002,0.85,4,0.5,2,66,57,63.52,14,4,0.0,3,7,10,4,1.0,3,3,0.0,25,10,0.5454545454545454,2,1,3,1,0,1.0,0,2,0.3333333333333333,0,0,0.3333333333333333,0,1,,1,2,0,0,2,4,0,5,0.8636363636363636,11,6,0,0,2,2,6,2,6,2,0,0.4,0,5,1,4,0,0,24,20,0.8333333333333334,11,10,0.9090909090909091,24,24,1.0,4,2,0.5,5,4,0.8,14,10,0.7142857142857143,1,1,1.0,2,2,1.0,1,16.58,5.08,6.06,19.37,20.48,4.33,46-60
2023-08-25,UC San Diego Tritons - Pacific Tigers 1:2,United States. NCAA D1 Non-conference matches,15,UC San Diego Tritons,4-4-1-1 (100.0%),0,0.0,0.0,0,,0,34,23,26.55,15,6,,5,4,12,7,,5,0,,24,12,0.375,0,0,2,0,0,,0,0,0.6666666666666666,0,0,1.0,0,0,,0,0,0,0,0,1,0,0,0.6764705882352942,8,3,0,0,0,0,12,8,1,1,0,0.5,0,7,5,2,0,0,20,11,0.55,7,7,1.0,5,3,0.6,7,3,0.42857142857142855,7,3,0.42857142857142855,9,5,0.5555555555555556,0,0,,2,1,0.5,0,16.44,2.43,20.59,0.0,22.81,26.67,16-30
2023-08-25,UC San Diego Tritons - Pacific Tigers 1:2,United States. NCAA D1 Non-conference matches,15,UC San Diego Tritons,4-4-1-1 (100.0%),0,0.0,0.0,0,,0,43,30,39.69,24,2,0.0,12,10,14,2,,10,2,0.3333333333333333,37,15,0.3,0,0,7,0,0,,0,1,0.8,0,0,0.18181818181818182,0,0,0.0,0,3,1,2,0,3,1,2,0.6976744186046512,10,3,0,0,0,0,10,8,11,2,1,0.40540540540540543,0,9,1,1,0,0,12,9,0.75,10,9,0.9,14,8,0.5714285714285714,5,2,0.4,6,3,0.5,7,4,0.5714285714285714,0,0,,8,8,1.0,2,12.55,2.26,11.63,0.0,19.74,10.43,1-15
2023-08-25,UC San Diego Tritons - Pacific Tigers 1:2,United States. NCAA D1 Non-conference matches,15,UC San Diego Tritons,4-4-1-1 (100.0%),0,-0.73,0.73,3,0.6666666666666666,2,35,29,36.48,16,6,1.0,1,9,11,7,,2,2,0.6666666666666666,25,15,0.6666666666666666,0,0,4,2,0,1.0,0,1,0.45454545454545453,1,0,0.6666666666666666,0,0,,0,3,2,2,0,3,0,4,0.8285714285714286,6,4,0,1,2,2,11,5,6,4,0,0.6,0,7,1,2,0,0,13,9,0.6923076923076923,4,4,1.0,9,8,0.8888888888888888,6,4,0.6666666666666666,8,5,0.625,8,7,0.875,0,0,,2,2,1.0,1,15.31,3.18,17.14,11.57,20.83,15.0,46-60
2023-08-25,UC San Diego Tritons - Pacific Tigers 1:2,United States. NCAA D1 Non-conference matches,15,UC San Diego Tritons,4-4-1-1 (81.56%),1,0.24,0.76,1,1.0,1,18,12,41.06,14,4,0.0,5,5,7,1,1.0,5,1,0.0,33,16,0.75,0,0,1,0,0,1.0,0,1,0.5,0,0,0.4,0,1,,1,2,0,0,0,2,1,1,0.6666666666666666,4,3,0,0,1,1,16,8,10,4,0,0.48484848484848486,0,8,7,1,1,0,10,8,0.8,2,1,0.5,3,1,0.3333333333333333,4,2,0.5,4,2,0.5,5,3,0.6,0,0,,1,1,1.0,2,6.58,1.38,22.22,10.5,26.73,18.5,61-75
2023-08-25,UC San Diego Tritons - Pacific Tigers 1:2,United States. NCAA D1 Non-conference matches,16,Pacific Tigers,4-4-1-1 (100.0%),0,-0.1,0.1,2,0.0,0,106,87,69.56,18,3,0.0,5,10,16,7,,7,2,0.2857142857142857,36,18,0.5,0,0,9,2,1,,0,2,0.6923076923076923,0,0,0.3333333333333333,0,0,,0,7,2,0,3,9,0,6,0.8207547169811321,14,7,1,0,0,0,13,9,6,2,0,0.5,0,4,1,2,0,0,31,24,0.7741935483870968,16,14,0.875,42,36,0.8571428571428571,9,4,0.4444444444444444,12,10,0.8333333333333334,15,10,0.6666666666666666,2,1,0.5,6,6,1.0,0,16.97,4.82,8.49,19.66,22.97,14.5,31-45
2023-08-25,UC San Diego Tritons - Pacific Tigers 1:2,United States. NCAA D1 Non-conference matches,16,UC San Diego Tritons,4-4-1-1 (100.0%),0,0.0,0.0,0,,0,40,30,30.44,17,4,,4,9,13,6,,4,3,0.5,36,18,0.3076923076923077,0,0,4,0,0,,0,0,0.5,0,1,0.6666666666666666,0,0,,0,2,1,1,0,2,0,0,0.75,13,4,0,0,0,0,14,7,6,4,0,0.5,0,13,7,2,0,0,13,9,0.6923076923076923,5,4,0.8,17,13,0.7647058823529411,8,4,0.5,6,3,0.5,9,6,0.6666666666666666,0,0,,2,2,1.0,4,14.64,1.6,20.0,0.0,20.59,11.0,31-45
2023-08-25,UC San Diego Tritons - Pacific Tigers 1:2,United States. NCAA D1 Non-conference matches,27,Pacific Tigers,4-4-1-1 (54.03%),1,0.94,0.06,1,1.0,1,64,50,44.08,22,2,0.0,12,8,17,7,,9,1,,52,22,0.4117647058823529,1,1,2,1,1,1.0,0,1,0.47619047619047616,0,0,0.36363636363636365,0,0,0.0,0,0,0,0,2,4,0,1,0.78125,17,7,0,0,1,1,21,10,11,4,1,0.4230769230769231,0,12,5,4,1,0,22,12,0.5454545454545454,5,5,1.0,27,24,0.8888888888888888,12,6,0.5,6,2,0.3333333333333333,10,5,0.5,0,0,,5,5,1.0,4,13.63,2.56,18.75,17.14,21.72,10.14,76-90
2023-08-25,UC San Diego Tritons - Pacific Tigers 1:2,United States. NCAA D1 Non-conference matches,27,UC San Diego Tritons,4-4-1-1 (0.0%),0,-0.43,0.43,3,0.3333333333333333,1,103,86,55.92,30,4,0.0,12,14,20,9,,10,1,0.0,52,28,0.5238095238095238,2,1,9,1,0,1.0,0,3,0.5882352941176471,0,2,0.5454545454545454,1,0,0.5,0,3,0,0,0,3,0,1,0.8349514563106796,21,11,0,1,1,1,17,10,11,6,2,0.5384615384615384,1,4,1,6,1,0,34,25,0.7352941176470589,15,14,0.9333333333333333,38,33,0.868421052631579,8,3,0.375,16,10,0.625,15,11,0.7333333333333333,0,0,,7,7,1.0,1,17.28,3.81,7.77,19.5,19.19,5.3,76-90
2023-08-27,UC San Diego Tritons - San Jose State Spartans 1:2,United States. NCAA D1 Non-conference matches,15,San Jose State Spartans,4-2-3-1 (100.0%),0,-0.1,0.1,2,0.5,1,105,92,76.54,22,2,0.0,9,11,15,3,,10,2,0.5,34,21,0.5333333333333333,1,0,5,2,0,,0,1,0.8181818181818182,0,0,0.3333333333333333,0,0,0.5,0,2,1,1,1,5,2,3,0.8761904761904762,15,8,0,0,0,0,11,9,6,2,2,0.6176470588235294,1,2,0,3,0,0,26,20,0.7692307692307693,17,15,0.8823529411764706,44,40,0.9090909090909091,5,4,0.8,12,10,0.8333333333333334,12,9,0.75,1,0,0.0,5,4,0.8,0,17.41,6.56,4.76,19.42,16.88,2.22,46-60
2023-08-27,UC San Diego Tritons - San Jose State Spartans 1:2,United States. NCAA D1 Non-conference matches,15,San Jose State Spartans,4-2-3-1 (100.0%),0,-1.21,1.21,7,0.42857142857142855,3,96,89,69.31,10,0,1.0,4,6,12,5,0.0,5,2,1.0,35,19,0.47058823529411764,3,1,6,4,0,,0,1,0.9,1,0,0.3333333333333333,0,1,1.0,0,1,1,1,3,3,0,5,0.9270833333333334,17,8,1,0,0,0,10,9,3,1,1,0.5428571428571428,1,5,3,2,0,0,36,30,0.8333333333333334,19,19,1.0,35,34,0.9714285714285714,4,2,0.5,8,6,0.75,14,13,0.9285714285714286,2,1,0.5,4,3,0.75,0,19.14,5.65,4.17,18.38,18.22,4.33,16-30
2023-08-27,UC San Diego Tritons - San Jose State Spartans 1:2,United States. NCAA D1 Non-conference matches,15,San Jose State Spartans,4-2-3-1 (100.0%),1,0.83,0.17,2,0.5,1,105,92,66.59,19,4,1.0,6,9,16,6,,8,2,0.5,30,13,0.4444444444444444,0,0,4,0,1,1.0,0,1,0.375,1,0,0.5555555555555556,0,0,,0,2,1,1,0,5,1,3,0.8761904761904762,9,4,1,0,1,1,8,3,9,5,0,0.43333333333333335,0,4,3,1,1,0,29,23,0.7931034482758621,16,14,0.875,48,45,0.9375,3,1,0.3333333333333333,15,14,0.9333333333333333,17,14,0.8235294117647058,2,0,0.0,1,1,1.0,1,17.56,7.0,2.86,15.08,16.67,14.5,61-75
2023-08-27,UC San Diego Tritons - San Jose State Spartans 1:2,United States. NCAA D1 Non-conference matches,15,San Jose State Spartans,4-2-3-1 (100.0%),1,0.63,0.37,2,0.5,1,119,101,65.2,17,3,,10,4,13,6,,7,0,,34,21,0.4,2,1,2,2,0,,0,0,0.7,0,0,0.7142857142857143,0,0,0.5,0,0,0,0,1,2,0,0,0.8487394957983193,10,4,0,0,0,0,10,7,7,5,2,0.6176470588235294,1,4,2,1,0,0,32,22,0.6875,19,17,0.8947368421052632,52,50,0.9615384615384616,5,1,0.2,10,6,0.6,17,9,0.5294117647058824,2,1,0.5,1,1,1.0,1,20.18,6.61,4.2,19.11,17.64,6.0,1-15
2023-08-27,UC San Diego Tritons - San Jose State Spartans 1:2,United States. NCAA D1 Non-conference matches,15,UC San Diego Tritons,4-1-4-1 (0.0%),0,-0.07,0.07,2,0.5,1,47,31,33.41,20,3,0.0,7,10,17,6,,6,5,0.0,30,16,0.625,1,0,4,1,1,1.0,0,1,0.5555555555555556,0,1,0.3333333333333333,0,0,,0,2,0,0,1,3,1,5,0.6595744680851063,8,5,0,1,1,1,9,5,9,3,0,0.5333333333333333,0,7,1,2,0,0,18,10,0.5555555555555556,10,8,0.8,10,7,0.7,7,3,0.42857142857142855,9,6,0.6666666666666666,10,5,0.5,0,0,,1,0,0.0,1,15.67,2.94,14.89,22.15,20.74,10.0,61-75
2023-08-27,UC San Diego Tritons - San Jose State Spartans 1:2,United States. NCAA D1 Non-conference matches,15,UC San Diego Tritons,4-1-4-1 (0.44%),0,0.0,0.0,0,,0,25,18,23.46,18,3,,13,2,15,7,,7,1,,34,13,0.18181818181818182,0,0,1,0,0,1.0,0,0,0.4666666666666667,0,0,0.6666666666666666,0,0,,0,0,0,0,0,0,0,0,0.72,11,2,0,0,1,1,15,7,6,4,0,0.38235294117647056,0,8,2,5,1,1,11,6,0.5454545454545454,6,6,1.0,6,5,0.8333333333333334,6,3,0.5,2,0,0.0,8,4,0.5,0,0,,2,2,1.0,1,13.53,1.92,24.0,0.0,22.02,9.57,46-60
2023-08-27,UC San Diego Tritons - San Jose State Spartans 1:2,United States. NCAA D1 Non-conference matches,15,UC San Diego Tritons,4-1-4-1 (100.0%),0,0.0,0.0,0,,0,34,26,30.69,16,4,,7,5,7,2,,5,0,0.0,35,15,0.1,0,0,1,0,0,1.0,0,0,0.5294117647058824,0,0,0.6666666666666666,0,0,,0,2,0,0,0,2,0,0,0.7647058823529411,10,1,0,0,3,3,17,9,3,2,0,0.42857142857142855,0,6,3,3,1,0,12,7,0.5833333333333334,7,5,0.7142857142857143,10,9,0.9,4,3,0.75,4,3,0.75,8,4,0.5,0,0,,1,0,0.0,3,15.31,2.62,11.76,0.0,19.12,20.0,16-30
2023-08-27,UC San Diego Tritons - San Jose State Spartans 1:2,United States. NCAA D1 Non-conference matches,15,UC San Diego Tritons,4-1-4-1 (100.0%),0,0.0,0.0,0,,0,40,31,34.8,16,1,0.0,6,9,13,5,,5,3,0.0,34,13,0.3,0,0,7,0,0,1.0,0,1,0.6,0,1,0.2857142857142857,0,0,,0,1,0,0,0,2,0,0,0.775,10,3,0,1,1,1,10,6,7,2,0,0.38235294117647056,0,8,0,2,0,0,21,16,0.7619047619047619,10,8,0.8,4,4,1.0,7,5,0.7142857142857143,11,8,0.7272727272727273,12,10,0.8333333333333334,0,0,,4,4,1.0,1,12.71,2.35,17.5,0.0,24.71,20.2,1-15
2023-08-27,UC San Diego Tritons - San Jose State Spartans 1:2,United States. NCAA D1 Non-conference matches,20,San Jose State Spartans,4-2-3-1 (100.0%),0,-0.1,0.1,2,0.0,0,81,70,48.1,22,4,1.0,10,8,14,6,,7,1,0.5,43,22,0.5,1,0,3,1,1,1.0,0,1,0.7272727272727273,1,0,0.42857142857142855,0,0,,0,2,1,1,2,6,3,5,0.8641975308641975,16,8,0,1,1,1,11,8,7,3,0,0.5116279069767442,0,9,4,3,1,0,20,15,0.75,13,11,0.8461538461538461,34,33,0.9705882352941176,6,4,0.6666666666666666,7,4,0.5714285714285714,11,7,0.6363636363636364,0,0,,5,5,1.0,0,17.03,4.26,7.41,17.23,18.19,13.5,31-45
2023-08-27,UC San Diego Tritons - San Jose State Spartans 1:2,United States. NCAA D1 Non-conference matches,20,San Jose State Spartans,4-2-3-1 (100.0%),0,-1.06,1.06,6,0.16666666666666666,1,112,98,60.22,22,4,,11,7,21,9,,6,6,,45,21,0.5384615384615384,2,0,9,5,2,,1,0,0.3125,0,0,0.4,0,0,1.0,0,0,0,0,5,9,2,7,0.875,13,7,2,0,0,0,16,5,5,2,2,0.4666666666666667,2,6,2,5,1,0,34,23,0.6764705882352942,16,15,0.9375,47,46,0.9787234042553191,8,4,0.5,13,11,0.8461538461538461,23,17,0.7391304347826086,2,1,0.5,6,4,0.6666666666666666,1,16.12,4.48,7.14,17.98,19.0,6.43,76-90
2023-08-27,UC San Diego Tritons - San Jose State Spartans 1:2,United States. NCAA D1 Non-conference matches,20,UC San Diego Tritons,4-1-4-1 (0.0%),0,-0.05,0.05,2,0.0,0,66,55,39.78,21,6,0.0,8,7,18,5,,8,5,1.0,45,24,0.6875,2,0,5,1,0,1.0,0,1,0.46153846153846156,0,1,0.6,0,0,,0,1,1,1,3,5,0,2,0.8333333333333334,16,11,0,0,1,1,13,6,5,3,0,0.5333333333333333,0,12,1,3,0,0,25,20,0.8,9,9,1.0,22,19,0.8636363636363636,13,7,0.5384615384615384,9,8,0.8888888888888888,16,12,0.75,1,1,1.0,3,2,0.6666666666666666,4,14.38,2.64,19.7,28.35,21.99,7.5,76-90
2023-08-27,UC San Diego Tritons - San Jose State Spartans 1:2,United States. NCAA D1 Non-conference matches,20,UC San Diego Tritons,4-1-4-1 (100.0%),1,0.24,0.76,1,1.0,1,81,64,51.9,21,1,0.0,7,13,15,2,1.0,11,2,0.5,43,20,0.2727272727272727,0,0,7,0,0,,0,1,0.5,0,0,0.5714285714285714,0,1,,1,4,2,2,0,4,0,1,0.7901234567901234,11,3,2,0,0,0,16,8,7,4,0,0.46511627906976744,0,3,2,1,0,0,26,16,0.6153846153846154,14,13,0.9285714285714286,28,24,0.8571428571428571,11,3,0.2727272727272727,13,7,0.5384615384615384,19,11,0.5789473684210527,0,0,,7,6,0.8571428571428571,3,15.78,3.38,13.58,10.5,19.92,17.75,31-45
2023-09-01,UC San Diego Tritons - Gonzaga Bulldogs 1:1,United States. NCAA D1 Non-conference matches,15,Gonzaga Bulldogs,3-5-2 (100.0%),0,0.0,0.0,0,,0,115,103,67.88,17,1,0.0,8,8,12,6,,5,1,1.0,43,13,0.15,0,0,3,0,0,,0,1,0.6363636363636364,0,0,0.25,0,0,,0,2,2,2,1,3,0,2,0.8956521739130435,20,3,1,0,0,0,11,7,8,2,0,0.3023255813953488,0,5,0,0,0,0,35,28,0.8,25,23,0.92,42,39,0.9285714285714286,10,3,0.3,9,5,0.5555555555555556,12,10,0.8333333333333334,1,0,0.0,3,3,1.0,1,16.69,7.67,8.7,0.0,20.57,8.5,1-15
2023-09-01,UC San Diego Tritons - Gonzaga Bulldogs 1:1,United States. NCAA D1 Non-conference matches,15,Gonzaga Bulldogs,3-5-2 (100.0%),0,-0.12,0.12,4,0.25,1,94,83,66.98,11,0,1.0,5,6,10,7,,2,1,,21,10,0.5833333333333334,4,1,6,2,0,,0,1,0.6666666666666666,1,1,0.0,0,0,,0,0,0,0,0,4,0,0,0.8829787234042553,12,7,0,0,0,0,3,2,4,0,0,0.47619047619047616,0,4,2,2,0,0,29,23,0.7931034482758621,14,14,1.0,42,39,0.9285714285714286,6,3,0.5,9,6,0.6666666666666666,12,10,0.8333333333333334,0,0,,5,5,1.0,2,16.73,5.53,6.38,22.33,20.65,16.0,16-30
2023-09-01,UC San Diego Tritons - Gonzaga Bulldogs 1:1,United States. NCAA D1 Non-conference matches,15,Gonzaga Bulldogs,3-5-2 (100.0%),0,-0.22,0.22,1,1.0,1,44,30,38.18,20,5,,10,5,13,6,,7,0,0.5,43,26,0.2222222222222222,0,0,2,1,0,1.0,0,0,0.7894736842105263,0,0,0.6363636363636364,0,0,,0,4,2,2,0,4,0,1,0.6818181818181818,9,2,0,1,1,1,19,15,11,7,0,0.6046511627906976,0,6,2,4,0,0,20,12,0.6,2,2,1.0,18,15,0.8333333333333334,4,2,0.5,4,4,1.0,12,9,0.75,0,0,,2,2,1.0,2,14.47,3.38,9.09,7.38,21.8,21.0,46-60
2023-09-01,UC San Diego Tritons - Gonzaga Bulldogs 1:1,United States. NCAA D1 Non-conference matches,15,Gonzaga Bulldogs,3-5-2 (100.0%),1,0.10999999999999999,0.89,5,0.6,3,57,49,53.8,8,2,0.0,3,3,10,7,,2,1,0.0,33,19,0.36363636363636365,2,1,8,5,0,,0,3,0.7647058823529411,0,0,0.5,0,0,1.0,0,3,0,0,3,6,0,4,0.8596491228070176,11,4,1,0,0,0,17,13,4,2,1,0.5757575757575758,1,4,1,1,0,0,22,17,0.7727272727272727,7,7,1.0,21,19,0.9047619047619048,5,1,0.2,10,8,0.8,14,11,0.7857142857142857,0,0,,1,1,1.0,1,13.07,3.8,8.77,18.11,21.1,12.0,61-75
2023-09-01,UC San Diego Tritons - Gonzaga Bulldogs 1:1,United States. NCAA D1 Non-conference matches,15,UC San Diego Tritons,4-2-3-1 (100.0%),0,0.0,0.0,1,0.0,0,44,39,46.2,16,3,0.0,5,8,6,2,,2,2,0.0,33,14,0.23529411764705882,1,0,3,1,0,1.0,0,1,0.6363636363636364,0,0,0.5,0,0,1.0,0,2,0,1,0,3,0,0,0.8863636363636364,17,4,0,1,3,3,11,7,4,2,1,0.42424242424242425,1,5,4,0,0,0,15,13,0.8666666666666667,5,5,1.0,17,14,0.8235294117647058,3,3,1.0,6,6,1.0,9,9,1.0,0,0,,5,4,0.8,2,11.75,2.75,6.82,21.69,20.88,17.5,61-75
2023-09-01,UC San Diego Tritons - Gonzaga Bulldogs 1:1,United States. NCAA D1 Non-conference matches,15,UC San Diego Tritons,4-2-3-1 (100.0%),0,-0.1,0.1,1,0.0,0,38,31,33.02,13,3,,2,8,6,2,,4,0,0.5,21,11,0.3333333333333333,0,0,3,1,0,1.0,0,0,0.4166666666666667,0,0,1.0,0,0,,0,2,1,1,1,6,0,2,0.8157894736842105,3,1,0,0,1,1,12,5,4,4,0,0.5238095238095238,0,5,3,2,0,0,15,11,0.7333333333333333,6,6,1.0,11,10,0.9090909090909091,8,4,0.5,8,5,0.625,8,8,1.0,0,0,,1,1,1.0,2,13.72,3.45,21.05,8.59,24.02,36.5,16-30
2023-09-01,UC San Diego Tritons - Gonzaga Bulldogs 1:1,United States. NCAA D1 Non-conference matches,15,UC San Diego Tritons,4-2-3-1 (100.0%),0,-0.27,0.27,2,0.0,0,49,36,32.12,17,4,,5,8,10,3,,5,2,1.0,43,28,0.36363636363636365,1,0,4,2,0,,0,0,0.85,0,0,0.5,0,0,,0,1,1,1,0,3,0,1,0.7346938775510204,11,4,0,0,0,0,20,17,8,4,0,0.6511627906976745,0,4,5,1,0,0,18,11,0.6111111111111112,13,12,0.9230769230769231,12,9,0.75,5,2,0.4,7,3,0.42857142857142855,13,9,0.6923076923076923,0,0,,0,0,,4,15.03,3.27,10.2,17.72,19.5,15.33,1-15
2023-09-01,UC San Diego Tritons - Gonzaga Bulldogs 1:1,United States. NCAA D1 Non-conference matches,15,UC San Diego Tritons,4-2-3-1 (100.0%),1,0.43000000000000005,0.57,3,0.3333333333333333,1,66,56,61.82,20,2,,7,11,16,5,,8,3,0.3333333333333333,43,17,0.21052631578947367,0,0,6,1,0,1.0,0,0,0.7777777777777778,0,2,0.36363636363636365,1,0,,0,3,1,3,0,5,0,3,0.8484848484848485,19,4,1,0,1,1,9,7,11,4,0,0.3953488372093023,0,6,5,0,0,0,23,17,0.7391304347826086,11,11,1.0,27,26,0.9629629629629629,9,6,0.6666666666666666,8,5,0.625,13,10,0.7692307692307693,0,0,,6,5,0.8333333333333334,1,13.41,3.47,13.64,10.29,20.05,9.0,46-60
2023-09-01,UC San Diego Tritons - Gonzaga Bulldogs 1:1,United States. NCAA D1 Non-conference matches,16,Gonzaga Bulldogs,3-5-2 (100.0%),0,-0.51,0.51,4,0.0,0,87,70,54.1,20,4,0.0,5,11,20,11,,6,3,0.0,34,18,0.4444444444444444,1,0,7,3,0,1.0,0,2,0.6666666666666666,0,1,0.3333333333333333,0,0,0.5,0,2,0,0,1,6,0,4,0.8045977011494253,18,8,0,0,2,2,6,4,3,1,2,0.5294117647058824,1,8,1,1,1,0,29,20,0.6896551724137931,11,11,1.0,34,29,0.8529411764705882,8,3,0.375,14,8,0.5714285714285714,15,11,0.7333333333333333,0,0,,1,0,0.0,0,16.8,4.83,9.2,16.65,21.03,31.0,31-45
2023-09-01,UC San Diego Tritons - Gonzaga Bulldogs 1:1,United States. NCAA D1 Non-conference matches,16,UC San Diego Tritons,4-2-3-1 (100.0%),0,-1.14,1.14,3,0.6666666666666666,2,82,61,45.9,26,5,0.0,8,13,16,10,0.0,4,2,0.0,34,16,0.3333333333333333,1,0,4,1,0,1.0,0,2,0.5555555555555556,0,0,0.6666666666666666,0,1,0.0,0,2,0,0,1,5,2,1,0.7439024390243902,6,2,0,0,2,2,18,10,3,2,1,0.47058823529411764,0,9,2,2,1,0,35,27,0.7714285714285715,10,8,0.8,23,18,0.782608695652174,10,6,0.6,14,8,0.5714285714285714,14,9,0.6428571428571429,0,0,,0,0,,4,18.66,3.9,12.2,15.76,20.34,10.14,31-45
2023-09-01,UC San Diego Tritons - Gonzaga Bulldogs 1:1,United States. NCAA D1 Non-conference matches,18,Gonzaga Bulldogs,3-5-2 (100.0%),0,-0.01,0.01,1,0.0,0,74,57,48.08,18,4,1.0,7,7,16,8,,6,2,0.5,48,28,0.5833333333333334,0,0,6,0,0,1.0,0,1,0.7727272727272727,1,0,0.6666666666666666,0,0,0.3333333333333333,0,2,1,1,3,4,0,4,0.7702702702702703,12,7,1,0,2,2,22,17,6,4,3,0.5833333333333334,1,6,4,5,1,0,28,16,0.5714285714285714,16,16,1.0,18,16,0.8888888888888888,8,2,0.25,10,5,0.5,20,14,0.7,0,0,,1,1,1.0,1,16.36,3.22,10.81,16.27,22.23,4.0,76-90
2023-09-01,UC San Diego Tritons - Gonzaga Bulldogs 1:1,United States. NCAA D1 Non-conference matches,18,UC San Diego Tritons,4-2-3-1 (100.0%),0,-0.4,0.4,3,0.6666666666666666,2,52,43,51.92,24,4,0.0,7,13,15,6,,6,3,0.3333333333333333,48,18,0.22727272727272727,1,0,7,2,0,,0,1,0.4166666666666667,0,1,0.3333333333333333,0,0,,0,3,1,1,0,6,2,4,0.8269230769230769,22,5,0,0,0,0,12,5,6,2,0,0.375,0,10,7,3,1,0,19,17,0.8947368421052632,5,3,0.6,19,16,0.8421052631578947,4,1,0.25,8,6,0.75,7,7,1.0,0,0,,12,6,0.5,1,10.65,1.73,7.69,22.01,19.19,7.29,76-90
2023-09-09,Denver Pioneers - UC San Diego Tritons 4:0,United States. NCAA D1 Non-conference matches,15,Denver Pioneers,4-1-3-2 (100.0%),0,-0.22,0.22,2,0.5,1,165,148,78.66,17,1,1.0,8,8,15,5,,6,4,0.3333333333333333,21,16,0.6666666666666666,0,0,7,0,1,,0,2,0.875,2,0,0.6666666666666666,0,0,,0,9,3,2,0,7,3,6,0.896969696969697,9,6,0,0,0,0,8,7,3,2,0,0.7619047619047619,0,7,1,0,0,0,36,33,0.9166666666666666,16,16,1.0,76,69,0.9078947368421053,5,2,0.4,13,13,1.0,21,18,0.8571428571428571,0,0,,6,6,1.0,0,18.8,8.68,3.03,14.04,19.18,6.33,16-30
2023-09-09,Denver Pioneers - UC San Diego Tritons 4:0,United States. NCAA D1 Non-conference matches,15,Denver Pioneers,4-1-3-2 (100.0%),0,-0.38,0.38,3,0.6666666666666666,2,131,120,62.07,18,2,0.0,8,8,11,6,,2,3,1.0,31,9,0.3333333333333333,1,1,5,3,0,,0,1,0.2857142857142857,0,0,0.0,0,0,,0,3,3,3,1,6,1,4,0.916030534351145,15,5,0,0,0,0,7,2,4,0,0,0.2903225806451613,0,4,2,0,0,0,34,27,0.7941176470588235,13,13,1.0,63,60,0.9523809523809523,8,4,0.5,10,8,0.8,16,13,0.8125,1,0,0.0,3,3,1.0,3,20.89,7.71,6.11,18.79,17.41,40.0,31-45
2023-09-09,Denver Pioneers - UC San Diego Tritons 4:0,United States. NCAA D1 Non-conference matches,15,Denver Pioneers,4-1-3-2 (100.0%),1,0.91,0.09,2,0.5,1,98,89,63.31,13,2,,2,9,8,3,,4,1,1.0,16,5,0.4,1,0,4,1,0,,0,0,0.16666666666666666,0,0,0.6666666666666666,0,0,,0,1,1,1,1,3,0,2,0.9081632653061225,5,2,0,0,0,0,6,1,3,2,0,0.3125,0,1,1,2,0,0,28,22,0.7857142857142857,12,12,1.0,46,43,0.9347826086956522,6,2,0.3333333333333333,11,6,0.5454545454545454,12,12,1.0,1,0,0.0,6,5,0.8333333333333334,1,18.22,8.91,6.12,22.91,17.7,35.0,46-60
2023-09-09,Denver Pioneers - UC San Diego Tritons 4:0,United States. NCAA D1 Non-conference matches,15,Denver Pioneers,4-1-3-2 (100.0%),1,0.4,0.6,2,0.5,1,179,168,79.78,14,1,,2,11,18,4,,8,6,1.0,28,17,0.42857142857142855,0,0,6,2,0,,0,0,0.8333333333333334,0,0,0.5,0,0,,0,1,1,1,1,2,0,2,0.9385474860335196,7,3,0,0,0,0,12,10,4,2,0,0.6071428571428571,0,5,2,2,0,0,42,37,0.8809523809523809,33,33,1.0,80,77,0.9625,9,5,0.5555555555555556,24,21,0.875,20,18,0.9,0,0,,3,3,1.0,0,20.56,14.92,5.03,9.82,18.15,5.17,1-15
2023-09-09,Denver Pioneers - UC San Diego Tritons 4:0,United States. NCAA D1 Non-conference matches,15,Denver Pioneers,4-1-3-2 (100.0%),2,1.37,0.63,5,0.4,2,88,80,54.94,10,0,,3,7,13,6,,5,2,0.0,18,8,0.16666666666666666,2,0,6,4,0,,0,0,0.6666666666666666,0,0,0.0,0,0,,0,1,0,0,3,5,1,5,0.9090909090909091,6,1,0,0,0,0,6,4,1,0,0,0.4444444444444444,0,4,0,1,0,0,25,21,0.84,12,12,1.0,35,33,0.9428571428571428,3,2,0.6666666666666666,7,7,1.0,14,12,0.8571428571428571,1,1,1.0,3,3,1.0,0,20.46,6.29,3.41,18.46,18.13,11.75,61-75
2023-09-09,Denver Pioneers - UC San Diego Tritons 4:0,United States. NCAA D1 Non-conference matches,15,UC San Diego Tritons,5-3-2 (0.0%),0,-0.07,0.07,1,0.0,0,40,29,36.69,10,2,,3,5,7,6,,1,0,,16,9,0.8333333333333334,1,0,2,0,1,1.0,1,0,0.6,0,1,0.3333333333333333,0,0,0.0,0,0,0,0,0,0,0,0,0.725,6,5,0,1,1,1,5,3,3,1,1,0.5625,0,5,2,2,0,0,16,6,0.375,8,8,1.0,12,11,0.9166666666666666,10,2,0.2,8,3,0.375,5,2,0.4,0,0,,2,2,1.0,3,12.83,2.86,25.0,21.48,24.87,26.33,46-60
2023-09-09,Denver Pioneers - UC San Diego Tritons 4:0,United States. NCAA D1 Non-conference matches,15,UC San Diego Tritons,5-3-2 (0.0%),0,-0.29,0.29,3,0.0,0,56,41,37.93,16,3,1.0,5,8,16,7,,6,3,0.0,31,21,0.7142857142857143,1,0,6,2,0,1.0,0,1,0.6666666666666666,1,0,0.75,0,0,0.0,0,2,0,0,1,6,1,3,0.7321428571428571,7,5,0,0,2,2,15,10,4,3,1,0.6774193548387096,0,8,1,1,0,0,17,10,0.5882352941176471,10,10,1.0,24,19,0.7916666666666666,11,4,0.36363636363636365,9,4,0.4444444444444444,11,5,0.45454545454545453,0,0,,3,3,1.0,0,14.62,3.5,19.64,17.72,25.68,15.29,31-45
2023-09-09,Denver Pioneers - UC San Diego Tritons 4:0,United States. NCAA D1 Non-conference matches,15,UC San Diego Tritons,5-3-2 (100.0%),0,0.0,0.0,0,,0,39,28,20.22,20,4,,10,6,12,5,,6,1,,28,8,0.16666666666666666,0,0,3,0,0,1.0,0,0,0.5714285714285714,0,0,0.25,0,0,0.0,0,0,0,0,0,0,0,0,0.717948717948718,12,2,0,1,1,1,7,4,4,1,1,0.2857142857142857,0,5,0,1,0,0,18,10,0.5555555555555556,8,7,0.875,9,9,1.0,5,2,0.4,2,0,0.0,5,2,0.4,0,0,,5,5,1.0,1,17.67,3.0,12.82,0.0,16.29,60.5,1-15
2023-09-09,Denver Pioneers - UC San Diego Tritons 4:0,United States. NCAA D1 Non-conference matches,15,UC San Diego Tritons,5-3-2 (33.22%),0,0.0,0.0,0,,0,54,44,45.06,12,1,,6,5,9,4,,5,0,,18,10,0.3333333333333333,0,0,1,0,0,1.0,0,0,0.8333333333333334,0,0,1.0,0,0,,0,0,0,0,1,2,0,0,0.8148148148148148,6,2,0,2,2,2,6,5,1,1,0,0.5555555555555556,0,5,1,1,0,0,19,12,0.631578947368421,9,9,1.0,19,17,0.8947368421052632,7,3,0.42857142857142855,5,3,0.6,8,3,0.375,1,1,1.0,1,1,1.0,3,15.31,4.5,12.96,0.0,20.34,34.5,61-75
2023-09-09,Denver Pioneers - UC San Diego Tritons 4:0,United States. NCAA D1 Non-conference matches,15,UC San Diego Tritons,5-3-2 (66.22%),0,0.0,0.0,0,,0,42,29,21.34,22,6,,7,9,11,6,,5,0,0.0,21,4,0.125,0,0,2,0,0,1.0,0,0,0.3333333333333333,0,0,0.0,0,0,0.0,0,1,0,0,0,0,0,0,0.6904761904761905,8,1,0,0,1,1,9,3,3,0,2,0.19047619047619047,0,14,0,1,0,0,16,7,0.4375,3,3,1.0,14,11,0.7857142857142857,6,1,0.16666666666666666,6,2,0.3333333333333333,6,2,0.3333333333333333,0,0,,4,3,0.75,1,17.64,3.0,14.29,0.0,20.1,17.0,16-30
2023-09-09,Denver Pioneers - UC San Diego Tritons 4:0,United States. NCAA D1 Non-conference matches,19,Denver Pioneers,4-1-3-2 (100.0%),0,-0.2,0.2,2,0.5,1,160,145,63.38,20,3,0.5,8,9,14,5,,6,3,0.0,30,13,0.2,1,1,5,1,0,,0,2,0.4666666666666667,1,0,0.5,0,0,,0,2,0,0,1,3,0,2,0.90625,10,2,1,0,0,0,15,7,2,1,0,0.43333333333333335,0,7,2,4,0,0,51,41,0.803921568627451,27,26,0.9629629629629629,61,57,0.9344262295081968,5,2,0.4,14,9,0.6428571428571429,16,11,0.6875,2,1,0.5,3,3,1.0,3,20.63,7.62,3.13,15.59,17.82,6.86,76-90
2023-09-09,Denver Pioneers - UC San Diego Tritons 4:0,United States. NCAA D1 Non-conference matches,19,UC San Diego Tritons,5-3-2 (100.0%),0,-0.29,0.29,3,0.0,0,64,55,36.62,15,3,0.0,6,6,12,6,,6,0,0.25,30,16,0.5333333333333333,0,0,3,1,1,1.0,1,1,0.8,0,0,0.0,0,0,,0,4,1,1,0,5,2,5,0.859375,15,8,1,0,1,1,10,8,2,0,0,0.5333333333333333,0,8,2,1,0,0,25,19,0.76,11,11,1.0,20,19,0.95,7,4,0.5714285714285714,6,3,0.5,10,8,0.8,1,0,0.0,3,3,1.0,1,14.28,2.91,10.94,14.9,20.61,34.25,76-90
2023-09-15,Santa Clara Broncos - UC San Diego Tritons 2:2,United States. NCAA D1 Non-conference matches,15,Santa Clara Broncos,3-5-2 (100.0%),0,0.0,0.0,0,,0,62,45,54.32,25,3,,11,11,17,6,,10,1,1.0,43,16,0.4,0,0,2,0,0,1.0,0,0,0.2222222222222222,0,0,0.46153846153846156,0,0,,0,2,2,2,0,3,0,0,0.7258064516129032,10,4,0,0,1,1,9,2,13,6,0,0.37209302325581395,0,1,0,3,1,0,29,14,0.4827586206896552,8,7,0.875,15,14,0.9333333333333333,9,4,0.4444444444444444,14,6,0.42857142857142855,15,11,0.7333333333333333,0,0,,3,3,1.0,1,15.71,3.44,14.52,0.0,19.28,13.33,61-75
2023-09-15,Santa Clara Broncos - UC San Diego Tritons 2:2,United States. NCAA D1 Non-conference matches,15,Santa Clara Broncos,3-5-2 (100.0%),0,-0.14,0.14,2,0.0,0,90,77,55.42,16,0,,6,10,15,3,,10,2,0.4,42,21,0.625,1,0,8,2,0,1.0,0,0,0.7142857142857143,0,0,0.2857142857142857,0,0,0.0,0,5,2,2,1,6,2,4,0.8555555555555555,8,5,0,0,1,1,14,10,14,4,1,0.5,0,4,1,3,0,0,33,24,0.7272727272727273,18,18,1.0,29,25,0.8620689655172413,8,3,0.375,15,8,0.5333333333333333,10,9,0.9,1,1,1.0,2,1,0.5,0,18.91,4.74,8.89,18.87,18.3,4.78,1-15
2023-09-15,Santa Clara Broncos - UC San Diego Tritons 2:2,United States. NCAA D1 Non-conference matches,15,Santa Clara Broncos,3-5-2 (100.0%),0,-0.18,0.18,1,1.0,1,32,23,38.06,19,3,,9,7,16,4,,11,1,0.5,40,18,0.38461538461538464,0,0,2,1,0,1.0,0,0,0.36363636363636365,0,1,0.7142857142857143,0,0,,0,2,1,1,0,2,0,1,0.71875,13,5,1,1,1,1,11,4,7,5,0,0.45,0,8,3,3,1,0,16,11,0.6875,5,5,1.0,4,3,0.75,5,3,0.6,6,4,0.6666666666666666,10,6,0.6,0,0,,3,0,0.0,0,15.24,1.88,15.63,10.01,18.96,7.8,46-60
2023-09-15,Santa Clara Broncos - UC San Diego Tritons 2:2,United States. NCAA D1 Non-conference matches,15,Santa Clara Broncos,3-5-2 (100.0%),1,0.49,0.51,1,1.0,1,114,108,70.66,18,0,0.0,5,13,14,5,,7,2,1.0,39,12,0.17647058823529413,0,0,6,1,0,,0,2,0.6666666666666666,0,0,0.3333333333333333,0,0,,0,2,2,2,1,3,0,2,0.9473684210526315,17,3,0,0,0,0,9,6,9,3,0,0.3076923076923077,0,2,0,2,0,0,33,28,0.8484848484848485,16,15,0.9375,49,49,1.0,10,8,0.8,10,7,0.7,21,20,0.9523809523809523,0,0,,8,7,0.875,1,17.07,4.96,8.77,6.62,18.11,12.67,16-30
2023-09-15,Santa Clara Broncos - UC San Diego Tritons 2:2,United States. NCAA D1 Non-conference matches,15,UC San Diego Tritons,3-4-2-1 (100.0%),0,0.0,0.0,0,,0,44,32,29.34,14,3,0.0,9,2,10,6,,4,0,0.0,39,24,0.3333333333333333,0,0,1,0,0,1.0,0,1,0.8235294117647058,0,0,0.4444444444444444,0,0,,0,1,0,0,0,1,0,0,0.7272727272727273,9,3,0,1,1,1,17,14,9,4,0,0.6153846153846154,0,8,7,0,0,0,21,12,0.5714285714285714,8,7,0.875,11,9,0.8181818181818182,9,5,0.5555555555555556,4,2,0.5,10,5,0.5,0,0,,2,2,1.0,0,15.86,2.32,20.45,0.0,23.06,47.0,16-30
2023-09-15,Santa Clara Broncos - UC San Diego Tritons 2:2,United States. NCAA D1 Non-conference matches,15,UC San Diego Tritons,3-4-2-1 (100.0%),0,-0.12,0.12,1,1.0,1,65,53,45.68,23,1,,13,9,19,7,,9,3,1.0,43,18,0.7777777777777778,0,0,6,1,0,,0,0,0.6,0,2,0.07692307692307693,0,0,,0,1,1,1,2,4,0,3,0.8153846153846154,9,7,0,0,0,0,10,6,13,1,0,0.4186046511627907,0,10,3,5,1,0,31,24,0.7741935483870968,12,11,0.9166666666666666,13,12,0.9230769230769231,14,8,0.5714285714285714,15,13,0.8666666666666667,20,16,0.8,0,0,,2,2,1.0,1,19.58,3.82,21.54,13.73,20.12,5.88,61-75
2023-09-15,Santa Clara Broncos - UC San Diego Tritons 2:2,United States. NCAA D1 Non-conference matches,15,UC San Diego Tritons,3-4-2-1 (100.0%),0,-0.43,0.43,1,0.0,0,51,39,44.58,22,10,,9,3,15,10,,5,0,0.0,42,21,0.2857142857142857,0,0,3,0,0,,0,0,0.375,0,0,0.7142857142857143,0,0,0.0,0,1,0,0,0,1,0,1,0.7647058823529411,14,4,0,0,0,0,8,3,14,10,1,0.5,0,11,1,1,0,0,26,17,0.6538461538461539,6,6,1.0,13,11,0.8461538461538461,13,9,0.6923076923076923,6,3,0.5,13,8,0.6153846153846154,1,0,0.0,4,2,0.5,3,13.32,2.32,25.49,6.45,22.3,13.6,1-15
2023-09-15,Santa Clara Broncos - UC San Diego Tritons 2:2,United States. NCAA D1 Non-conference matches,15,UC San Diego Tritons,3-4-2-1 (100.0%),1,0.87,0.13,1,1.0,1,62,47,61.94,22,4,,10,8,12,6,,4,2,1.0,40,19,0.6363636363636364,0,0,5,0,0,1.0,0,0,0.6153846153846154,0,1,0.2857142857142857,0,0,0.0,0,1,1,1,0,1,0,1,0.7580645161290323,11,7,0,0,1,1,13,8,7,2,1,0.475,0,6,1,3,1,0,27,21,0.7777777777777778,9,6,0.6666666666666666,21,17,0.8095238095238095,6,4,0.6666666666666666,8,5,0.625,11,8,0.7272727272727273,0,0,,6,4,0.6666666666666666,1,18.14,2.95,9.68,10.7,18.87,3.57,46-60
2023-09-15,Santa Clara Broncos - UC San Diego Tritons 2:2,United States. NCAA D1 Non-conference matches,16,Santa Clara Broncos,3-5-2 (100.0%),0,-0.11,0.11,3,0.0,0,119,101,66.69,24,2,0.5,6,16,18,2,,12,4,0.2,52,29,0.3888888888888889,2,0,11,2,0,,0,2,0.7222222222222222,1,0,0.6666666666666666,0,0,,0,5,1,1,5,8,2,6,0.8487394957983193,18,7,0,0,0,0,18,13,9,6,0,0.5576923076923077,0,4,1,3,0,0,29,21,0.7241379310344828,20,19,0.95,48,44,0.9166666666666666,10,9,0.9,20,16,0.8,15,13,0.8666666666666667,0,0,,8,6,0.75,0,17.71,5.41,8.4,23.72,17.85,4.25,31-45
2023-09-15,Santa Clara Broncos - UC San Diego Tritons 2:2,United States. NCAA D1 Non-conference matches,16,UC San Diego Tritons,3-4-2-1 (100.0%),0,0.0,0.0,0,,0,55,42,33.31,26,9,,13,4,18,15,,2,1,,52,22,0.2777777777777778,0,0,0,0,0,,0,0,0.6111111111111112,0,0,0.3333333333333333,0,0,1.0,0,0,0,0,1,1,0,0,0.7636363636363637,18,5,0,0,0,0,18,11,9,3,1,0.4230769230769231,1,14,6,3,0,0,23,15,0.6521739130434783,8,5,0.625,15,14,0.9333333333333333,13,8,0.6153846153846154,3,2,0.6666666666666666,15,8,0.5333333333333333,0,0,,2,2,1.0,2,16.39,2.62,23.64,0.0,20.15,12.6,31-45
2023-09-15,Santa Clara Broncos - UC San Diego Tritons 2:2,United States. NCAA D1 Non-conference matches,25,Santa Clara Broncos,3-5-2 (100.0%),1,0.24,0.76,3,0.6666666666666666,2,99,70,47.79,41,5,,16,20,32,16,,10,6,0.5,84,37,0.29411764705882354,0,0,11,2,0,1.0,0,0,0.5925925925925926,0,1,0.2857142857142857,0,0,0.8,0,4,2,2,4,15,0,4,0.7070707070707071,17,5,1,1,2,2,27,16,21,6,5,0.44047619047619047,4,7,4,6,1,0,49,31,0.6326530612244898,8,7,0.875,27,20,0.7407407407407407,17,7,0.4117647058823529,18,11,0.6111111111111112,28,19,0.6785714285714286,1,0,0.0,6,3,0.5,1,19.2,3.09,17.17,11.16,20.27,4.31,76-90
2023-09-15,Santa Clara Broncos - UC San Diego Tritons 2:2,United States. NCAA D1 Non-conference matches,25,UC San Diego Tritons,3-4-2-1 (100.0%),1,0.08999999999999997,0.91,5,0.4,2,85,59,52.21,45,6,1.0,19,20,35,15,,17,3,0.5,84,40,0.4074074074074074,1,0,7,3,0,1.0,0,1,0.7058823529411765,1,0,0.5238095238095238,0,0,0.0,0,4,2,2,0,7,2,5,0.6941176470588235,27,11,0,1,2,2,17,12,21,11,3,0.47619047619047616,0,15,3,4,0,0,44,28,0.6363636363636364,9,7,0.7777777777777778,23,18,0.782608695652174,19,12,0.631578947368421,19,13,0.6842105263157895,26,16,0.6153846153846154,0,0,,5,5,1.0,2,15.09,2.83,22.35,14.73,22.3,6.18,76-90
2023-09-21,San Diego Toreros - UC San Diego Tritons 2:1,United States. NCAA D1 Non-conference matches,15,San Diego Toreros,3-5-2 (100.0%),0,0.0,0.0,0,,0,64,49,55.16,29,8,,7,14,19,7,,10,2,0.0,47,27,0.4375,0,0,4,0,0,1.0,0,0,0.6111111111111112,0,1,0.7777777777777778,0,0,,0,2,0,0,1,3,1,2,0.765625,16,7,0,0,2,2,18,11,9,7,0,0.574468085106383,0,11,5,2,0,0,25,15,0.6,9,8,0.8888888888888888,19,18,0.9473684210526315,10,3,0.3,13,4,0.3076923076923077,12,6,0.5,0,0,,5,4,0.8,3,16.5,2.78,15.63,0.0,22.74,6.57,1-15
2023-09-21,San Diego Toreros - UC San Diego Tritons 2:1,United States. NCAA D1 Non-conference matches,15,San Diego Toreros,3-5-2 (100.0%),0,-0.09,0.09,3,0.0,0,66,54,53.31,24,4,,6,14,25,12,,11,2,0.3333333333333333,58,24,0.10526315789473684,2,0,4,3,0,1.0,0,0,0.5652173913043478,0,0,0.7142857142857143,0,0,,0,3,1,0,0,4,0,2,0.8181818181818182,19,2,0,1,1,1,23,13,7,5,0,0.41379310344827586,0,12,3,2,0,0,29,24,0.8275862068965517,6,5,0.8333333333333334,24,20,0.8333333333333334,8,4,0.5,13,7,0.5384615384615384,17,16,0.9411764705882353,0,0,,1,1,1.0,1,15.18,4.13,12.12,21.5,23.43,4.25,61-75
2023-09-21,San Diego Toreros - UC San Diego Tritons 2:1,United States. NCAA D1 Non-conference matches,15,San Diego Toreros,3-5-2 (100.0%),0,-0.21,0.21,4,0.25,1,64,52,44.44,18,4,0.5,7,7,15,6,,8,1,0.3333333333333333,42,22,0.35714285714285715,1,1,5,3,0,1.0,0,2,0.6,1,0,0.75,0,0,,0,3,1,1,1,6,1,3,0.8125,14,5,0,0,2,2,15,9,8,6,0,0.5238095238095238,0,9,4,0,0,0,26,23,0.8846153846153846,4,4,1.0,25,20,0.8,7,5,0.7142857142857143,9,7,0.7777777777777778,14,10,0.7142857142857143,0,0,,6,5,0.8333333333333334,0,17.69,3.37,10.94,23.6,21.54,39.0,46-60
2023-09-21,San Diego Toreros - UC San Diego Tritons 2:1,United States. NCAA D1 Non-conference matches,15,San Diego Toreros,3-5-2 (100.0%),1,0.49,0.51,2,1.0,2,68,56,50.01,21,4,0.0,4,13,15,5,,8,2,0.0,35,18,0.4,0,0,6,1,0,,0,1,0.7272727272727273,0,1,0.42857142857142855,1,0,,0,2,0,0,3,4,0,4,0.8235294117647058,15,6,0,0,0,0,11,8,7,3,0,0.5142857142857142,0,10,1,3,0,0,17,11,0.6470588235294118,10,9,0.9,29,27,0.9310344827586207,8,2,0.25,7,3,0.42857142857142855,12,8,0.6666666666666666,0,0,,4,4,1.0,1,22.12,4.25,11.76,9.2,22.53,6.83,16-30
2023-09-21,San Diego Toreros - UC San Diego Tritons 2:1,United States. NCAA D1 Non-conference matches,15,UC San Diego Tritons,4-3-2-1 (100.0%),0,0.0,0.0,0,,0,55,42,49.99,18,3,0.0,9,6,15,7,,6,2,1.0,35,15,0.2727272727272727,0,0,4,0,0,1.0,0,2,0.6,0,1,0.2857142857142857,0,0,0.0,0,1,1,1,0,3,1,0,0.7636363636363637,11,3,0,1,2,2,15,9,7,2,1,0.42857142857142855,0,4,1,2,1,0,24,19,0.7916666666666666,7,6,0.8571428571428571,15,11,0.7333333333333333,4,2,0.5,7,5,0.7142857142857143,13,9,0.6923076923076923,0,0,,4,2,0.5,0,17.9,3.06,7.27,0.0,19.88,8.67,16-30
2023-09-21,San Diego Toreros - UC San Diego Tritons 2:1,United States. NCAA D1 Non-conference matches,15,UC San Diego Tritons,4-3-2-1 (100.0%),0,-0.19,0.19,2,1.0,2,55,40,55.56,25,3,1.0,7,15,17,8,,7,2,0.0,42,20,0.4,0,0,4,1,0,1.0,0,1,0.6428571428571429,1,0,0.25,0,0,0.0,0,3,0,0,2,7,1,4,0.7272727272727273,15,6,0,0,1,1,14,9,8,2,1,0.47619047619047616,0,8,2,0,0,0,26,16,0.6153846153846154,8,7,0.875,14,10,0.7142857142857143,11,5,0.45454545454545453,13,7,0.5384615384615384,15,12,0.8,1,1,1.0,3,1,0.3333333333333333,1,12.16,3.44,20.0,14.0,24.65,9.4,46-60
2023-09-21,San Diego Toreros - UC San Diego Tritons 2:1,United States. NCAA D1 Non-conference matches,15,UC San Diego Tritons,4-3-2-1 (100.0%),0,-0.63,0.63,6,0.3333333333333333,2,61,49,44.84,19,3,0.5,7,9,19,10,,7,2,1.0,47,20,0.3888888888888889,5,1,6,5,0,,0,2,0.5625,1,0,0.2222222222222222,0,0,,0,2,2,2,0,3,0,1,0.8032786885245902,18,7,0,0,0,0,16,9,9,2,0,0.425531914893617,0,6,2,2,0,0,28,22,0.7857142857142857,9,7,0.7777777777777778,13,12,0.9230769230769231,9,4,0.4444444444444444,9,5,0.5555555555555556,15,12,0.8,0,0,,2,2,1.0,3,19.35,3.05,14.75,22.4,18.52,7.57,1-15
2023-09-21,San Diego Toreros - UC San Diego Tritons 2:1,United States. NCAA D1 Non-conference matches,15,UC San Diego Tritons,4-3-2-1 (100.0%),1,0.8200000000000001,0.18,3,0.3333333333333333,1,58,41,46.69,23,5,0.0,10,8,18,9,,6,3,0.5,58,33,0.43478260869565216,2,0,9,3,0,,0,1,0.8947368421052632,0,0,0.2857142857142857,0,0,1.0,0,4,2,2,0,7,1,1,0.7068965517241379,23,10,0,0,0,0,19,17,7,2,1,0.5689655172413793,1,8,1,1,0,0,27,17,0.6296296296296297,7,5,0.7142857142857143,19,16,0.8421052631578947,7,4,0.5714285714285714,10,8,0.8,13,9,0.6923076923076923,1,0,0.0,6,6,1.0,1,15.23,2.9,12.07,20.24,20.26,13.0,61-75
2023-09-21,San Diego Toreros - UC San Diego Tritons 2:1,United States. NCAA D1 Non-conference matches,16,San Diego Toreros,3-5-2 (100.0%),0,-0.26,0.26,5,0.0,0,131,111,72.38,29,3,1.0,8,18,19,8,,7,4,0.3333333333333333,38,27,0.5833333333333334,3,0,12,3,0,1.0,0,2,0.8888888888888888,2,0,0.75,0,0,,0,3,1,1,1,5,1,4,0.8473282442748091,12,7,0,0,1,1,9,8,12,9,0,0.7105263157894737,0,7,2,2,0,0,29,22,0.7586206896551724,22,20,0.9090909090909091,64,57,0.890625,11,5,0.45454545454545453,18,12,0.6666666666666666,16,14,0.875,0,0,,3,3,1.0,1,16.97,6.55,8.4,24.43,21.99,9.2,31-45
2023-09-21,San Diego Toreros - UC San Diego Tritons 2:1,United States. NCAA D1 Non-conference matches,16,UC San Diego Tritons,4-3-2-1 (100.0%),0,-0.01,0.01,1,1.0,1,58,45,27.62,24,5,,7,12,20,12,,6,2,0.0,38,10,0.1111111111111111,1,1,5,1,0,,0,0,0.4166666666666667,0,1,0.25,0,0,0.0,0,2,0,0,0,3,0,0,0.7758620689655172,9,1,0,0,0,0,12,5,12,3,1,0.2631578947368421,0,14,3,0,0,0,28,20,0.7142857142857143,9,8,0.8888888888888888,13,11,0.8461538461538461,13,8,0.6153846153846154,13,8,0.6153846153846154,15,10,0.6666666666666666,0,0,,3,3,1.0,1,19.69,3.22,22.41,32.23,21.52,29.0,31-45
2023-09-21,San Diego Toreros - UC San Diego Tritons 2:1,United States. NCAA D1 Non-conference matches,20,San Diego Toreros,3-5-2 (100.0%),1,0.8200000000000001,0.18,3,0.6666666666666666,2,87,70,50.81,26,4,0.0,13,9,17,8,,5,4,0.5,60,26,0.3333333333333333,2,1,6,2,0,1.0,0,1,0.5789473684210527,0,0,0.38461538461538464,0,0,,0,2,1,0,4,5,2,6,0.8045977011494253,21,7,0,0,2,2,19,11,13,5,0,0.43333333333333335,0,11,7,6,1,0,34,21,0.6176470588235294,18,17,0.9444444444444444,31,29,0.9354838709677419,15,9,0.6,11,8,0.7272727272727273,25,19,0.76,0,0,,3,2,0.6666666666666666,3,17.24,3.22,17.24,20.73,23.87,5.6,76-90
2023-09-21,San Diego Toreros - UC San Diego Tritons 2:1,United States. NCAA D1 Non-conference matches,20,UC San Diego Tritons,4-3-2-1 (100.0%),0,-0.35,0.35,3,0.6666666666666666,2,78,58,49.19,31,2,0.5,11,18,23,10,,11,2,0.5,60,30,0.42105263157894735,1,1,8,2,0,1.0,0,2,0.6666666666666666,1,1,0.46153846153846156,0,0,,0,6,3,3,1,7,0,4,0.7435897435897436,19,8,0,1,2,2,21,14,13,6,0,0.5,0,7,5,1,0,0,29,17,0.5862068965517241,9,9,1.0,29,24,0.8275862068965517,8,4,0.5,16,9,0.5625,19,16,0.8421052631578947,0,0,,5,4,0.8,0,15.96,2.6,10.26,16.01,22.02,19.0,76-90
2023-09-28,UC San Diego Tritons - UC Santa Barbara Gauchos 3:0,United States. NCAA D1 Big West,15,UC San Diego Tritons,4-4-2 (0.0%),0,-0.04,0.04,1,1.0,1,21,12,13.77,16,5,,7,4,15,10,,5,0,,49,17,0.2,1,1,2,1,0,,0,0,0.5263157894736842,0,0,0.2,0,0,,0,0,0,0,0,0,0,0,0.5714285714285714,15,3,0,0,0,0,19,10,10,2,0,0.3469387755102041,0,13,7,3,0,0,9,3,0.3333333333333333,3,2,0.6666666666666666,5,5,1.0,5,1,0.2,2,0,0.0,5,1,0.2,0,0,,2,2,1.0,3,21.19,1.4,23.81,29.47,19.88,13.0,61-75
2023-09-28,UC San Diego Tritons - UC Santa Barbara Gauchos 3:0,United States. NCAA D1 Big West,15,UC San Diego Tritons,4-4-2 (100.0%),0,0.0,0.0,0,,0,46,36,35.79,21,4,,8,9,15,8,,7,0,,34,15,0.1,0,0,2,0,0,1.0,0,0,0.625,0,0,0.5833333333333334,0,0,,0,0,0,0,0,0,0,0,0.782608695652174,10,1,0,0,1,1,8,5,12,7,0,0.4411764705882353,0,6,2,1,0,0,18,10,0.5555555555555556,9,9,1.0,12,12,1.0,11,5,0.45454545454545453,8,5,0.625,12,7,0.5833333333333334,0,0,,4,2,0.5,0,13.45,3.54,23.91,0.0,24.89,22.25,1-15
2023-09-28,UC San Diego Tritons - UC Santa Barbara Gauchos 3:0,United States. NCAA D1 Big West,15,UC San Diego Tritons,4-4-2 (100.0%),2,1.42,0.58,4,0.75,3,40,30,48.85,12,0,,4,8,13,5,,3,5,0.6666666666666666,34,16,0.4444444444444444,1,0,6,3,0,,0,0,1.0,0,0,0.42857142857142855,0,0,,0,3,2,2,1,5,1,5,0.75,18,8,0,0,0,0,4,4,7,3,0,0.47058823529411764,0,6,1,1,0,0,15,9,0.6,5,5,1.0,15,12,0.8,7,4,0.5714285714285714,7,5,0.7142857142857143,7,6,0.8571428571428571,1,0,0.0,3,3,1.0,0,11.9,2.5,17.5,17.68,23.91,18.67,16-30
2023-09-28,UC San Diego Tritons - UC Santa Barbara Gauchos 3:0,United States. NCAA D1 Big West,15,UC San Diego Tritons,4-4-2 (72.89%),1,0.55,0.45,2,0.5,1,31,26,26.66,11,1,0.0,3,7,14,7,,4,3,1.0,29,17,0.6666666666666666,0,0,3,0,0,,0,1,0.8571428571428571,0,2,0.4444444444444444,1,0,,0,1,1,1,1,1,0,3,0.8387096774193549,6,4,0,0,0,0,7,6,9,4,0,0.5862068965517241,0,2,1,1,0,0,13,9,0.6923076923076923,6,6,1.0,6,5,0.8333333333333334,9,5,0.5555555555555556,7,6,0.8571428571428571,10,8,0.8,1,1,1.0,0,0,,1,18.1,2.58,29.03,6.76,21.86,47.0,46-60
2023-09-28,UC San Diego Tritons - UC Santa Barbara Gauchos 3:0,United States. NCAA D1 Big West,15,UC Santa Barbara Gauchos,4-2-3-1 (0.0%),0,-0.06,0.06,4,0.0,0,96,77,86.23,20,0,0.0,5,15,16,4,,8,4,0.375,49,27,0.47368421052631576,1,0,10,3,0,1.0,0,1,0.8,0,2,0.5,0,0,,0,8,3,3,2,8,0,3,0.8020833333333334,19,9,1,0,1,1,15,12,10,5,0,0.5510204081632653,0,4,1,2,0,0,33,23,0.696969696969697,10,10,1.0,47,41,0.8723404255319149,12,8,0.6666666666666666,20,14,0.7,22,18,0.8181818181818182,1,0,0.0,8,8,1.0,1,15.47,4.57,12.5,17.02,23.96,1.7,61-75
2023-09-28,UC San Diego Tritons - UC Santa Barbara Gauchos 3:0,United States. NCAA D1 Big West,15,UC Santa Barbara Gauchos,4-2-3-1 (0.11%),0,-0.06,0.06,1,0.0,0,69,60,73.34,11,2,0.0,4,5,9,6,,2,1,0.6666666666666666,29,11,0.14285714285714285,1,0,6,1,0,1.0,0,1,0.3333333333333333,0,0,0.5555555555555556,0,0,,0,3,2,2,1,4,0,2,0.8695652173913043,7,1,0,1,1,1,6,2,9,5,0,0.3793103448275862,0,4,2,3,0,0,25,20,0.8,16,15,0.9375,25,23,0.92,16,12,0.75,12,11,0.9166666666666666,17,14,0.8235294117647058,0,0,,3,3,1.0,1,14.65,6.27,23.19,21.01,24.27,8.5,46-60
2023-09-28,UC San Diego Tritons - UC Santa Barbara Gauchos 3:0,United States. NCAA D1 Big West,15,UC Santa Barbara Gauchos,4-2-3-1 (100.0%),0,0.0,0.0,0,,0,61,50,51.15,15,5,,5,5,7,6,,1,0,,34,15,0.0,0,0,1,0,0,1.0,0,0,0.5555555555555556,0,1,0.14285714285714285,0,0,,0,0,0,0,1,2,0,2,0.819672131147541,4,0,0,2,4,4,18,10,7,1,0,0.4411764705882353,0,8,2,3,0,0,21,13,0.6190476190476191,7,7,1.0,31,30,0.967741935483871,10,5,0.5,8,4,0.5,14,10,0.7142857142857143,0,0,,3,3,1.0,0,17.33,4.07,16.39,0.0,22.99,4.8,16-30
2023-09-28,UC San Diego Tritons - UC Santa Barbara Gauchos 3:0,United States. NCAA D1 Big West,15,UC Santa Barbara Gauchos,4-2-3-1 (100.0%),0,-0.16,0.16,2,0.5,1,120,108,64.21,16,2,1.0,8,6,15,7,,5,3,0.0,34,17,0.375,1,1,7,1,0,,0,1,0.9,1,0,0.3333333333333333,0,0,,0,2,0,0,3,3,0,6,0.9,8,3,0,0,0,0,10,9,12,4,0,0.5,0,10,0,1,0,0,28,27,0.9642857142857143,22,19,0.8636363636363636,57,54,0.9473684210526315,7,6,0.8571428571428571,13,13,1.0,23,19,0.8260869565217391,0,0,,4,3,0.75,2,19.56,8.57,5.83,20.33,20.68,4.56,1-15
2023-09-28,UC San Diego Tritons - UC Santa Barbara Gauchos 3:0,United States. NCAA D1 Big West,18,UC San Diego Tritons,4-4-2 (100.0%),0,-0.04,0.04,1,1.0,1,62,48,40.13,25,4,,7,14,26,11,,13,2,0.5,54,19,0.23809523809523808,1,1,7,1,1,,0,0,0.45454545454545453,0,0,0.36363636363636365,0,0,,0,2,1,1,1,4,1,1,0.7741935483870968,21,5,0,0,0,0,11,5,11,4,0,0.35185185185185186,0,7,2,4,0,0,29,19,0.6551724137931034,9,8,0.8888888888888888,18,16,0.8888888888888888,12,7,0.5833333333333334,8,4,0.5,18,13,0.7222222222222222,0,0,,6,4,0.6666666666666666,3,12.74,2.58,19.35,23.06,21.52,15.5,31-45
2023-09-28,UC San Diego Tritons - UC Santa Barbara Gauchos 3:0,United States. NCAA D1 Big West,18,UC Santa Barbara Gauchos,4-2-3-1 (100.0%),0,-0.34,0.34,3,0.0,0,135,112,59.87,23,2,,11,10,20,10,,7,3,0.4,54,32,0.5454545454545454,1,0,7,1,1,1.0,1,0,0.7619047619047619,0,1,0.36363636363636365,0,0,,0,5,2,2,3,9,0,6,0.8296296296296296,11,6,0,0,1,1,21,16,11,4,0,0.5925925925925926,0,6,2,4,0,0,42,26,0.6190476190476191,20,18,0.9,63,60,0.9523809523809523,15,8,0.5333333333333333,19,15,0.7894736842105263,22,17,0.7727272727272727,1,0,0.0,3,3,1.0,1,18.59,6.14,11.11,18.2,21.69,9.2,31-45
2023-09-28,UC San Diego Tritons - UC Santa Barbara Gauchos 3:0,United States. NCAA D1 Big West,19,UC San Diego Tritons,4-4-2 (0.0%),0,0.0,0.0,0,,0,48,31,39.14,27,7,,10,10,22,13,,9,0,1.0,54,30,0.5,0,0,4,0,0,,0,0,0.8461538461538461,0,0,0.5625,0,0,,0,1,1,1,2,3,0,2,0.6458333333333334,14,7,1,0,0,0,13,11,16,9,0,0.5555555555555556,0,5,2,2,1,0,24,12,0.5,6,4,0.6666666666666666,13,11,0.8461538461538461,8,3,0.375,12,5,0.4166666666666667,16,11,0.6875,2,1,0.5,3,2,0.6666666666666666,3,13.64,1.92,16.67,0.0,20.62,22.33,76-90
2023-09-28,UC San Diego Tritons - UC Santa Barbara Gauchos 3:0,United States. NCAA D1 Big West,19,UC Santa Barbara Gauchos,4-2-3-1 (0.0%),0,-0.4,0.4,3,0.0,0,96,78,60.86,25,1,,6,18,24,12,,8,4,0.5,54,22,0.15384615384615385,1,0,7,3,0,,0,0,0.5,0,0,0.4375,0,0,,0,4,2,2,0,6,0,2,0.8125,13,2,2,0,0,0,14,7,16,7,0,0.4074074074074074,0,7,0,8,0,0,31,20,0.6451612903225806,14,13,0.9285714285714286,46,42,0.9130434782608695,21,12,0.5714285714285714,26,16,0.6153846153846154,23,20,0.8695652173913043,0,0,,4,4,1.0,0,17.55,4.17,21.88,15.99,26.66,3.1,76-90
2023-10-01,Sacramento State Hornets - UC San Diego Tritons 0:0,United States. NCAA D1 Big West,15,Sacramento State Hornets,4-3-1-2 (100.0%),0,-0.04,0.04,1,0.0,0,64,54,51.55,22,7,,8,7,9,3,,5,1,,23,9,0.42857142857142855,1,0,2,0,0,1.0,0,0,0.375,0,1,0.2857142857142857,0,0,,0,0,0,0,0,1,1,0,0.84375,7,3,0,0,1,1,8,3,7,2,0,0.391304347826087,0,11,7,2,0,0,21,15,0.7142857142857143,7,7,1.0,26,25,0.9615384615384616,4,3,0.75,7,4,0.5714285714285714,11,9,0.8181818181818182,1,0,0.0,4,3,0.75,2,17.77,3.37,6.25,24.9,20.24,4.0,61-75
2023-10-01,Sacramento State Hornets - UC San Diego Tritons 0:0,United States. NCAA D1 Big West,15,Sacramento State Hornets,4-3-1-2 (100.0%),0,-0.16,0.16,3,0.6666666666666666,2,44,34,43.16,18,2,0.0,6,10,10,5,,4,1,0.5,27,14,0.6153846153846154,0,0,3,2,1,1.0,1,1,0.3333333333333333,0,0,0.75,0,0,0.0,0,2,1,1,1,4,0,5,0.7727272727272727,13,8,0,0,1,1,6,2,4,3,1,0.5185185185185185,0,7,2,2,1,0,20,12,0.6,6,6,1.0,14,13,0.9285714285714286,6,3,0.5,5,3,0.6,13,9,0.6923076923076923,1,0,0.0,4,2,0.5,1,14.82,2.93,13.64,13.48,22.22,8.67,46-60
2023-10-01,Sacramento State Hornets - UC San Diego Tritons 0:0,United States. NCAA D1 Big West,15,Sacramento State Hornets,4-3-1-2 (100.0%),0,-0.16,0.16,3,0.6666666666666666,2,85,73,52.59,13,2,,2,9,15,6,,5,4,0.0,26,11,0.5,1,0,6,2,1,1.0,0,0,0.45454545454545453,0,0,0.4,0,0,0.0,0,2,0,0,3,4,0,3,0.8588235294117647,4,2,1,0,2,2,11,5,5,2,1,0.4230769230769231,0,9,1,1,0,0,27,20,0.7407407407407407,8,8,1.0,39,35,0.8974358974358975,4,1,0.25,10,5,0.5,11,6,0.5454545454545454,0,0,,3,3,1.0,1,19.52,5.67,4.71,20.64,18.63,5.57,16-30
2023-10-01,Sacramento State Hornets - UC San Diego Tritons 0:0,United States. NCAA D1 Big West,15,Sacramento State Hornets,4-3-1-2 (100.0%),0,-0.63,0.63,2,0.5,1,53,47,47.51,14,3,,5,6,14,8,,4,2,1.0,25,12,0.0,0,0,5,3,0,,0,0,0.4,0,1,0.8333333333333334,0,0,,0,1,1,0,1,1,0,2,0.8867924528301887,4,0,0,0,0,0,10,4,6,5,0,0.48,0,11,2,2,0,0,18,15,0.8333333333333334,9,7,0.7777777777777778,19,18,0.9473684210526315,9,8,0.8888888888888888,6,5,0.8333333333333334,11,9,0.8181818181818182,0,0,,4,3,0.75,1,12.55,2.94,16.98,13.33,20.8,16.5,1-15
2023-10-01,Sacramento State Hornets - UC San Diego Tritons 0:0,United States. NCAA D1 Big West,15,UC San Diego Tritons,4-4-2 (100.0%),0,-0.19,0.19,2,0.5,1,43,29,56.84,14,2,0.0,2,10,10,5,,2,3,0.3333333333333333,27,13,0.6666666666666666,2,1,4,1,0,1.0,0,1,0.38461538461538464,0,1,0.25,0,0,,0,3,1,2,0,3,1,1,0.6744186046511628,6,4,1,0,2,2,13,5,4,1,0,0.48148148148148145,0,6,3,2,0,0,19,12,0.631578947368421,5,4,0.8,15,11,0.7333333333333333,10,5,0.5,8,3,0.375,10,7,0.7,0,0,,1,1,1.0,0,11.0,3.07,23.26,23.6,27.39,10.0,46-60
2023-10-01,Sacramento State Hornets - UC San Diego Tritons 0:0,United States. NCAA D1 Big West,15,UC San Diego Tritons,4-4-2 (100.0%),0,-0.32,0.32,2,1.0,2,65,50,47.41,20,5,1.0,4,11,15,9,,3,3,0.3333333333333333,26,15,0.5454545454545454,0,0,6,1,0,1.0,0,1,0.5,1,0,0.6,0,0,,0,3,1,1,0,4,1,4,0.7692307692307693,11,6,0,0,3,3,4,2,5,3,0,0.5769230769230769,0,5,1,2,0,0,19,14,0.7368421052631579,14,11,0.7857142857142857,19,16,0.8421052631578947,10,6,0.6,8,6,0.75,12,7,0.5833333333333334,1,0,0.0,3,3,1.0,0,16.55,3.82,15.38,8.25,20.69,14.75,16-30
2023-10-01,Sacramento State Hornets - UC San Diego Tritons 0:0,United States. NCAA D1 Big West,15,UC San Diego Tritons,4-4-2 (100.0%),0,-0.44,0.44,3,0.3333333333333333,1,41,31,48.45,13,2,0.0,5,6,16,6,,8,2,0.3333333333333333,23,14,0.625,0,0,4,1,0,,0,3,0.5714285714285714,0,0,0.7142857142857143,0,0,,0,3,1,1,1,5,1,6,0.7560975609756098,8,5,2,0,0,0,7,4,7,5,0,0.6086956521739131,0,7,0,1,0,0,19,13,0.6842105263157895,4,3,0.75,12,10,0.8333333333333334,7,4,0.5714285714285714,11,7,0.6363636363636364,15,11,0.7333333333333333,1,1,1.0,3,2,0.6666666666666666,3,12.11,2.16,17.07,13.92,21.13,9.33,61-75
2023-10-01,Sacramento State Hornets - UC San Diego Tritons 0:0,United States. NCAA D1 Big West,15,UC San Diego Tritons,4-4-2 (100.0%),0,-1.05,1.05,2,0.0,0,55,41,52.49,14,3,0.5,2,9,13,7,,4,2,0.25,25,13,0.6,0,0,4,0,0,1.0,0,2,1.0,1,1,0.16666666666666666,1,0,,0,4,1,1,1,3,0,4,0.7454545454545455,10,6,1,0,1,1,4,4,6,1,0,0.52,0,8,1,2,0,0,22,15,0.6818181818181818,6,6,1.0,17,15,0.8823529411764706,11,7,0.6363636363636364,12,7,0.5833333333333334,17,14,0.8235294117647058,1,1,1.0,3,2,0.6666666666666666,0,11.79,3.06,20.0,4.83,22.65,10.75,1-15
2023-10-01,Sacramento State Hornets - UC San Diego Tritons 0:0,United States. NCAA D1 Big West,16,Sacramento State Hornets,4-3-1-2 (100.0%),0,-0.15,0.15,2,1.0,2,130,116,77.27,16,0,0.3333333333333333,4,12,13,7,,3,3,0.0,29,16,0.5,2,2,6,0,0,1.0,0,3,0.2727272727272727,1,1,0.6,0,0,,0,4,0,1,2,6,2,5,0.8923076923076924,6,3,1,0,1,1,11,3,5,3,0,0.5517241379310345,0,4,2,2,0,0,38,34,0.8947368421052632,16,15,0.9375,56,49,0.875,8,5,0.625,14,11,0.7857142857142857,20,14,0.7,2,0,0.0,1,1,1.0,0,18.96,6.84,6.15,22.27,20.12,4.0,31-45
2023-10-01,Sacramento State Hornets - UC San Diego Tritons 0:0,United States. NCAA D1 Big West,16,UC San Diego Tritons,4-4-2 (100.0%),0,-0.3,0.3,1,1.0,1,31,26,22.73,9,2,,3,4,11,8,,3,0,0.5,29,13,0.7272727272727273,0,0,5,1,0,1.0,0,0,0.5,0,0,0.4,0,0,0.0,0,2,1,2,1,3,0,1,0.8387096774193549,11,8,1,0,2,2,6,3,5,2,1,0.4482758620689655,0,11,3,5,1,0,14,11,0.7857142857142857,5,5,1.0,8,7,0.875,7,4,0.5714285714285714,7,5,0.7142857142857143,9,7,0.7777777777777778,0,0,,2,1,0.5,0,15.37,1.82,22.58,11.83,21.23,13.83,31-45
2023-10-01,Sacramento State Hornets - UC San Diego Tritons 0:0,United States. NCAA D1 Big West,19,Sacramento State Hornets,4-3-1-2 (100.0%),0,-0.4,0.4,3,0.3333333333333333,1,86,71,59.03,26,5,,4,17,22,9,,8,5,0.6666666666666666,47,28,0.6666666666666666,0,0,10,3,0,1.0,0,0,0.5714285714285714,0,1,0.5555555555555556,0,0,,0,3,2,1,1,7,1,6,0.8255813953488372,21,14,1,0,1,1,7,4,9,5,0,0.5957446808510638,0,5,7,3,2,0,37,30,0.8108108108108109,10,10,1.0,32,29,0.90625,10,6,0.6,19,15,0.7894736842105263,18,17,0.9444444444444444,0,0,,5,3,0.6,0,14.59,3.58,11.63,16.8,21.09,15.0,76-90
2023-10-01,Sacramento State Hornets - UC San Diego Tritons 0:0,United States. NCAA D1 Big West,19,UC San Diego Tritons,4-4-2 (100.0%),0,-0.3,0.3,2,0.5,1,63,47,40.97,20,5,0.0,6,9,21,12,,5,4,0.6666666666666666,47,19,0.42857142857142855,1,1,4,2,0,1.0,0,1,0.3333333333333333,0,1,0.4444444444444444,0,0,0.0,0,3,2,2,1,3,0,3,0.746031746031746,7,3,0,0,1,1,21,7,9,4,2,0.40425531914893614,0,11,5,3,2,0,26,19,0.7307692307692307,7,5,0.7142857142857143,19,16,0.8421052631578947,9,4,0.4444444444444444,9,4,0.4444444444444444,16,10,0.625,0,0,,2,1,0.5,1,15.4,2.63,14.29,19.33,21.88,9.6,76-90
2023-10-05,UC San Diego Tritons - Cal State Fullerton Titans 1:4,United States. NCAA D1 Big West,15,Cal State Fullerton Titans,4-4-2 (0.0%),1,0.8200000000000001,0.18,1,1.0,1,50,40,56.5,13,3,,5,5,8,6,,1,1,,15,7,0.0,0,0,3,1,0,1.0,0,0,0.7142857142857143,0,0,0.5,0,0,,0,0,0,0,3,5,0,2,0.8,5,0,1,0,2,2,7,5,2,1,0,0.4666666666666667,0,6,2,3,0,0,17,12,0.7058823529411765,7,7,1.0,15,14,0.9333333333333333,7,5,0.7142857142857143,5,4,0.8,13,6,0.46153846153846156,1,0,0.0,3,3,1.0,2,14.24,3.57,14.0,12.15,20.86,13.0,61-75
2023-10-05,UC San Diego Tritons - Cal State Fullerton Titans 1:4,United States. NCAA D1 Big West,15,Cal State Fullerton Titans,4-4-2 (0.22%),0,-0.11,0.11,5,0.2,1,92,76,60.61,19,4,0.6666666666666666,3,12,18,8,,7,3,0.0,37,24,0.5,5,1,8,2,0,,0,3,0.7692307692307693,2,0,0.5,0,0,1.0,0,2,0,0,2,3,0,3,0.8260869565217391,12,6,1,0,0,0,13,10,6,3,1,0.6486486486486487,1,2,0,2,0,0,30,22,0.7333333333333333,13,13,1.0,28,23,0.8214285714285714,10,3,0.3,10,6,0.6,13,11,0.8461538461538461,0,0,,2,2,1.0,2,18.34,4.18,10.87,25.93,19.53,11.33,46-60
2023-10-05,UC San Diego Tritons - Cal State Fullerton Titans 1:4,United States. NCAA D1 Big West,15,Cal State Fullerton Titans,4-4-2 (100.0%),0,-0.01,0.01,1,0.0,0,89,75,59.69,22,2,,11,9,13,7,,5,1,0.0,34,13,0.2,1,0,5,1,0,,0,0,0.7,0,0,0.4,0,0,,0,1,0,0,2,5,1,2,0.8426966292134831,10,2,0,0,0,0,10,7,5,2,0,0.38235294117647056,0,5,0,3,0,0,25,17,0.68,13,12,0.9230769230769231,36,32,0.8888888888888888,9,4,0.4444444444444444,7,4,0.5714285714285714,11,7,0.6363636363636364,0,0,,4,4,1.0,2,15.41,5.93,10.11,30.2,21.25,9.5,1-15
2023-10-05,UC San Diego Tritons - Cal State Fullerton Titans 1:4,United States. NCAA D1 Big West,15,Cal State Fullerton Titans,4-4-2 (100.0%),1,0.64,0.36,2,0.5,1,91,73,63.12,19,2,0.0,7,10,17,7,,8,2,0.2,29,14,0.4375,0,0,4,1,0,,0,1,0.8333333333333334,0,1,0.0,0,0,,0,5,1,1,2,6,3,7,0.8021978021978022,16,7,1,0,0,0,6,5,3,0,0,0.4827586206896552,0,9,2,0,0,0,30,24,0.8,15,11,0.7333333333333333,32,27,0.84375,7,4,0.5714285714285714,10,8,0.8,16,12,0.75,0,0,,1,1,1.0,3,18.64,5.69,7.69,13.35,21.7,8.0,16-30
2023-10-05,UC San Diego Tritons - Cal State Fullerton Titans 1:4,United States. NCAA D1 Big West,15,UC San Diego Tritons,4-2-3-1 (100.0%),0,-0.08,0.08,2,0.0,0,48,35,40.31,17,3,1.0,7,7,13,4,,8,1,0.25,34,19,0.3,0,0,4,0,0,,0,2,0.8,2,0,0.6,0,0,,0,4,1,1,0,2,0,3,0.7291666666666666,10,3,0,0,0,0,10,8,5,3,0,0.5588235294117647,0,3,1,0,0,0,23,17,0.7391304347826086,6,6,1.0,12,7,0.5833333333333334,5,3,0.6,8,6,0.75,10,7,0.7,0,0,,5,5,1.0,0,12.31,2.09,10.42,12.28,24.4,69.0,1-15
2023-10-05,UC San Diego Tritons - Cal State Fullerton Titans 1:4,United States. NCAA D1 Big West,15,UC San Diego Tritons,4-2-3-1 (100.0%),0,-0.16,0.16,1,0.0,0,49,40,39.39,19,4,,7,8,15,8,,3,4,0.5,37,11,0.23076923076923078,0,0,6,1,0,1.0,0,0,0.5,0,0,0.3333333333333333,0,0,,0,2,1,1,1,2,1,4,0.8163265306122449,13,3,0,0,1,1,12,6,6,2,0,0.2972972972972973,0,12,3,2,0,0,26,20,0.7692307692307693,9,9,1.0,7,6,0.8571428571428571,7,5,0.7142857142857143,7,6,0.8571428571428571,14,12,0.8571428571428571,0,0,,3,2,0.6666666666666666,1,15.03,2.45,14.29,10.39,22.98,27.5,46-60
2023-10-05,UC San Diego Tritons - Cal State Fullerton Titans 1:4,United States. NCAA D1 Big West,15,UC San Diego Tritons,4-2-3-1 (100.0%),0,-0.18,0.18,2,0.0,0,37,22,36.88,21,1,,10,10,16,7,,7,2,0.5,29,12,0.16666666666666666,1,0,4,2,0,1.0,0,0,0.5625,0,0,0.3333333333333333,0,0,,0,2,1,1,0,5,1,2,0.5945945945945946,6,1,0,1,1,1,16,9,3,1,0,0.41379310344827586,0,10,2,2,0,0,20,9,0.45,4,4,1.0,10,7,0.7,7,1,0.14285714285714285,9,5,0.5555555555555556,10,7,0.7,0,0,,3,3,1.0,2,12.97,2.47,18.92,19.14,22.7,11.4,16-30
2023-10-05,UC San Diego Tritons - Cal State Fullerton Titans 1:4,United States. NCAA D1 Big West,15,UC San Diego Tritons,4-2-3-1 (100.0%),0,-0.6,0.6,4,0.5,2,38,27,43.5,15,0,0.25,2,13,11,2,,6,3,0.5,15,7,0.2857142857142857,2,1,6,1,0,1.0,0,4,1.0,1,2,0.0,0,0,,0,4,2,2,3,5,0,4,0.7105263157894737,7,2,0,1,1,1,5,5,2,0,0,0.4666666666666667,0,4,1,0,0,0,17,11,0.6470588235294118,4,4,1.0,9,6,0.6666666666666666,8,1,0.125,10,7,0.7,11,9,0.8181818181818182,0,0,,2,2,1.0,0,14.06,1.9,21.05,17.64,24.29,9.25,61-75
2023-10-05,UC San Diego Tritons - Cal State Fullerton Titans 1:4,United States. NCAA D1 Big West,16,Cal State Fullerton Titans,4-4-2 (100.0%),0,-0.05,0.05,2,0.0,0,93,78,68.95,20,2,,8,10,15,6,,9,0,,31,14,0.5,1,0,4,1,1,,1,0,0.8,0,1,0.25,0,0,,0,0,0,0,1,3,0,2,0.8387096774193549,12,6,0,0,0,0,5,4,8,2,0,0.45161290322580644,0,2,2,3,0,0,25,23,0.92,13,12,0.9230769230769231,35,26,0.7428571428571429,11,8,0.7272727272727273,17,14,0.8235294117647058,19,17,0.8947368421052632,0,0,,5,5,1.0,3,17.34,4.23,11.83,22.35,22.62,4.6,31-45
2023-10-05,UC San Diego Tritons - Cal State Fullerton Titans 1:4,United States. NCAA D1 Big West,16,UC San Diego Tritons,4-2-3-1 (100.0%),0,-0.06,0.06,1,0.0,0,34,22,31.05,20,2,,11,7,10,4,,5,1,1.0,31,13,0.2,0,0,4,1,0,,0,0,0.5,0,0,0.375,0,0,,0,1,1,1,0,3,0,2,0.6470588235294118,5,1,0,0,0,0,12,6,8,3,0,0.41935483870967744,0,3,2,4,0,0,17,8,0.47058823529411764,4,3,0.75,8,7,0.875,7,2,0.2857142857142857,7,3,0.42857142857142855,5,4,0.8,0,0,,6,5,0.8333333333333334,3,14.08,1.7,20.59,15.46,23.04,15.0,31-45
2023-10-05,UC San Diego Tritons - Cal State Fullerton Titans 1:4,United States. NCAA D1 Big West,22,Cal State Fullerton Titans,4-4-2 (0.0%),2,1.3199999999999998,0.68,3,0.6666666666666666,2,57,44,52.18,22,9,,7,6,20,9,,9,2,1.0,42,18,0.4375,0,0,6,2,0,0.5,0,0,0.3333333333333333,0,1,0.7777777777777778,1,0,0.0,0,1,1,1,4,5,2,8,0.7719298245614035,16,7,3,1,2,1,9,3,9,7,1,0.42857142857142855,0,11,4,3,3,0,19,14,0.7368421052631579,10,8,0.8,19,15,0.7894736842105263,15,7,0.4666666666666667,13,10,0.7692307692307693,20,13,0.65,2,1,0.5,2,1,0.5,1,14.06,2.71,26.32,9.15,24.12,36.0,76-90
2023-10-05,UC San Diego Tritons - Cal State Fullerton Titans 1:4,United States. NCAA D1 Big West,22,UC San Diego Tritons,4-2-3-1 (100.0%),1,0.9,0.1,2,0.5,1,54,36,47.82,26,1,0.0,6,19,16,5,,6,5,0.3333333333333333,42,20,0.6666666666666666,1,0,6,0,1,1.0,1,3,0.5625,0,4,0.1111111111111111,1,0,,0,3,1,1,4,7,1,8,0.6666666666666666,9,6,0,2,2,2,16,9,9,1,0,0.47619047619047616,0,5,1,2,0,0,27,19,0.7037037037037037,9,7,0.7777777777777778,10,7,0.7,12,7,0.5833333333333334,11,6,0.5454545454545454,11,9,0.8181818181818182,1,1,1.0,3,3,1.0,1,14.53,2.25,22.22,17.85,24.91,9.25,76-90
2023-10-08,Cal Poly Mustangs - UC San Diego Tritons 3:1,United States. NCAA D1 Big West,15,Cal Poly Mustangs,4-2-3-1 (100.0%),0,0.0,0.0,0,,0,49,42,51.67,13,5,,4,4,8,4,,4,0,0.3333333333333333,34,11,0.625,0,0,2,0,0,,0,0,0.16666666666666666,0,1,0.3,0,0,,0,3,1,0,1,5,0,0,0.8571428571428571,8,5,0,0,0,0,12,2,10,3,0,0.3235294117647059,0,3,5,6,0,0,18,14,0.7777777777777778,8,6,0.75,20,19,0.95,6,4,0.6666666666666666,5,4,0.8,11,9,0.8181818181818182,0,0,,2,1,0.5,1,16.18,2.72,12.24,0.0,22.6,3.4,1-15
2023-10-08,Cal Poly Mustangs - UC San Diego Tritons 3:1,United States. NCAA D1 Big West,15,Cal Poly Mustangs,4-2-3-1 (100.0%),0,-0.02,0.02,2,0.0,0,69,48,52.13,21,4,,9,8,15,6,,7,2,0.0,36,20,0.46153846153846156,1,0,8,1,0,,0,0,0.6666666666666666,0,0,0.6,0,0,,0,2,0,0,3,6,0,2,0.6956521739130435,13,6,1,0,0,0,12,8,5,3,0,0.5555555555555556,0,8,2,3,1,0,32,19,0.59375,12,10,0.8333333333333334,21,16,0.7619047619047619,8,5,0.625,9,7,0.7777777777777778,18,10,0.5555555555555556,1,0,0.0,7,7,1.0,1,16.37,3.45,11.59,20.15,19.82,6.29,46-60
2023-10-08,Cal Poly Mustangs - UC San Diego Tritons 3:1,United States. NCAA D1 Big West,15,Cal Poly Mustangs,4-2-3-1 (100.0%),0,-0.33,0.33,3,0.0,0,93,76,52.58,20,3,,10,7,16,6,,8,2,0.0,31,18,0.45454545454545453,1,0,7,3,0,,0,0,0.5454545454545454,0,0,0.75,0,0,,0,3,0,0,2,7,2,5,0.8172043010752689,11,5,0,0,0,0,11,6,4,3,0,0.5806451612903226,0,9,2,1,0,0,27,18,0.6666666666666666,11,10,0.9090909090909091,44,38,0.8636363636363636,9,4,0.4444444444444444,10,6,0.6,17,13,0.7647058823529411,1,0,0.0,1,1,1.0,1,19.03,5.81,9.68,17.27,21.87,11.8,16-30
2023-10-08,Cal Poly Mustangs - UC San Diego Tritons 3:1,United States. NCAA D1 Big West,15,Cal Poly Mustangs,4-2-3-1 (100.0%),1,0.74,0.26,3,0.6666666666666666,2,45,33,48.47,22,3,0.5,10,9,14,6,,6,2,0.0,31,17,0.6666666666666666,1,0,4,1,0,,0,2,0.42857142857142855,1,1,0.5833333333333334,1,0,,0,2,0,0,1,6,0,2,0.7333333333333333,9,6,0,0,0,0,7,3,12,7,0,0.5483870967741935,0,3,0,0,0,0,16,11,0.6875,6,5,0.8333333333333334,21,15,0.7142857142857143,8,5,0.625,8,5,0.625,13,8,0.6153846153846154,0,0,,3,3,1.0,2,15.26,2.81,17.78,16.72,22.77,25.0,61-75
2023-10-08,Cal Poly Mustangs - UC San Diego Tritons 3:1,United States. NCAA D1 Big West,15,UC San Diego Tritons,4-4-2 (100.0%),0,0.0,0.0,0,,0,50,34,51.53,18,4,,8,6,13,8,,4,1,,31,13,0.5714285714285714,0,0,5,0,0,1.0,0,0,0.3333333333333333,0,0,0.3333333333333333,0,0,,0,0,0,0,1,2,0,1,0.68,7,4,1,1,2,2,9,3,12,4,0,0.41935483870967744,0,9,2,3,0,0,23,9,0.391304347826087,7,7,1.0,8,7,0.875,7,1,0.14285714285714285,13,7,0.5384615384615384,12,6,0.5,0,0,,3,3,1.0,2,15.95,3.85,14.0,0.0,19.96,7.0,61-75
2023-10-08,Cal Poly Mustangs - UC San Diego Tritons 3:1,United States. NCAA D1 Big West,15,UC San Diego Tritons,4-4-2 (100.0%),0,-0.01,0.01,1,0.0,0,27,24,48.33,10,0,1.0,5,5,10,4,,4,2,1.0,34,22,0.8333333333333334,1,0,5,0,0,1.0,0,1,0.375,1,1,0.7,0,0,,0,1,1,1,0,2,0,0,0.8888888888888888,12,10,1,0,1,1,8,3,10,7,0,0.6470588235294118,0,3,0,4,0,0,7,7,1.0,5,5,1.0,10,7,0.7,8,7,0.875,6,4,0.6666666666666666,6,6,1.0,0,0,,4,4,1.0,2,9.53,1.5,29.63,29.32,24.96,8.6,1-15
2023-10-08,Cal Poly Mustangs - UC San Diego Tritons 3:1,United States. NCAA D1 Big West,15,UC San Diego Tritons,4-4-2 (100.0%),0,-0.01,0.01,1,0.0,0,63,45,47.87,24,6,,12,6,16,6,,7,3,0.0,36,15,0.3333333333333333,0,0,5,1,0,,0,0,0.5384615384615384,0,1,0.4,0,0,,0,1,0,0,1,2,1,2,0.7142857142857143,12,4,0,0,0,0,13,7,5,2,0,0.4166666666666667,0,10,3,2,0,0,26,15,0.5769230769230769,12,11,0.9166666666666666,17,15,0.8823529411764706,8,3,0.375,6,2,0.3333333333333333,18,10,0.5555555555555556,0,0,,7,5,0.7142857142857143,2,16.27,2.86,12.7,18.54,20.75,8.17,46-60
2023-10-08,Cal Poly Mustangs - UC San Diego Tritons 3:1,United States. NCAA D1 Big West,15,UC San Diego Tritons,4-4-2 (100.0%),0,-0.01,0.01,1,0.0,0,75,60,47.42,24,6,,11,7,9,5,,4,0,0.0,31,13,0.45454545454545453,1,0,4,1,0,,0,0,0.5454545454545454,0,0,0.25,0,0,,0,3,0,1,1,1,0,0,0.8,11,5,0,0,0,0,11,6,4,1,0,0.41935483870967744,0,6,1,1,0,0,22,17,0.7727272727272727,14,13,0.9285714285714286,30,22,0.7333333333333333,17,14,0.8235294117647058,8,7,0.875,16,13,0.8125,0,0,,4,2,0.5,2,17.02,4.41,22.67,17.88,22.7,38.5,16-30
2023-10-08,Cal Poly Mustangs - UC San Diego Tritons 3:1,United States. NCAA D1 Big West,18,Cal Poly Mustangs,4-2-3-1 (100.0%),1,0.9299999999999999,0.07,2,0.5,1,85,67,52.64,21,2,,5,14,24,8,,10,6,0.0,43,22,0.3333333333333333,0,0,7,2,0,0.5,0,0,0.6470588235294118,0,0,0.6,0,0,1.0,0,1,0,0,0,2,1,2,0.788235294117647,12,4,0,1,2,1,17,11,5,3,1,0.5116279069767442,1,7,10,3,0,0,30,19,0.6333333333333333,12,11,0.9166666666666666,35,33,0.9428571428571428,9,5,0.5555555555555556,16,6,0.375,6,5,0.8333333333333334,0,0,,6,5,0.8333333333333334,1,17.22,3.04,10.59,16.04,20.91,6.0,31-45
2023-10-08,Cal Poly Mustangs - UC San Diego Tritons 3:1,United States. NCAA D1 Big West,18,UC San Diego Tritons,4-4-2 (100.0%),1,0.92,0.08,1,1.0,1,67,49,47.36,27,5,,8,14,16,10,,4,2,0.0,43,17,0.35294117647058826,0,0,10,1,0,1.0,0,0,0.6666666666666666,0,0,0.4,0,0,1.0,0,3,0,0,1,5,0,1,0.7313432835820896,17,6,0,1,1,1,12,8,5,2,1,0.3953488372093023,1,7,3,1,0,0,27,17,0.6296296296296297,8,7,0.875,24,19,0.7916666666666666,12,7,0.5833333333333334,13,10,0.7692307692307693,16,10,0.625,0,0,,15,15,1.0,2,15.09,2.16,17.91,17.12,21.97,17.0,31-45
2023-10-08,Cal Poly Mustangs - UC San Diego Tritons 3:1,United States. NCAA D1 Big West,21,Cal Poly Mustangs,4-2-3-1 (100.0%),1,0.20999999999999996,0.79,1,1.0,1,93,61,50.82,29,3,,16,10,27,11,,16,0,0.0,58,27,0.5,0,0,3,0,1,1.0,1,0,0.5555555555555556,0,0,0.42857142857142855,0,0,1.0,0,2,0,0,1,4,0,2,0.6559139784946236,18,9,1,0,1,1,18,10,14,6,4,0.46551724137931033,4,12,3,3,2,0,33,14,0.42424242424242425,15,15,1.0,31,22,0.7096774193548387,21,5,0.23809523809523808,12,4,0.3333333333333333,23,11,0.4782608695652174,0,0,,2,2,1.0,2,16.55,3.32,22.58,2.21,22.72,7.4,76-90
2023-10-08,Cal Poly Mustangs - UC San Diego Tritons 3:1,United States. NCAA D1 Big West,21,UC San Diego Tritons,4-4-2 (66.23%),0,-0.11,0.11,3,0.3333333333333333,1,100,76,49.18,44,2,0.0,20,22,28,11,,17,0,0.0,58,29,0.4444444444444444,2,1,8,1,0,1.0,0,1,0.5,0,2,0.5,0,0,0.5,0,1,0,0,3,6,1,7,0.76,18,8,0,1,1,1,18,9,14,7,2,0.5,1,4,1,1,0,0,44,27,0.6136363636363636,20,19,0.95,24,21,0.875,18,9,0.5,18,10,0.5555555555555556,26,18,0.6923076923076923,0,0,,10,10,1.0,1,18.39,3.03,18.0,23.58,21.98,24.0,76-90
2023-10-12,UC Riverside Highlanders - UC San Diego Tritons 2:5,United States. NCAA D1 Big West,15,UC Riverside Highlanders,3-4-1-2 (0.0%),0,0.0,0.0,0,,0,82,72,66.2,14,4,0.0,4,6,11,6,,4,1,0.0,24,12,0.3333333333333333,0,0,5,0,0,1.0,0,1,0.6666666666666666,0,0,0.5,0,0,,0,1,0,0,0,3,3,2,0.8780487804878049,9,3,0,1,2,2,9,6,2,1,0,0.5,0,4,3,2,0,1,26,20,0.7692307692307693,7,7,1.0,37,36,0.972972972972973,5,2,0.4,8,6,0.75,14,9,0.6428571428571429,0,0,,1,0,0.0,1,16.49,6.31,6.1,0.0,21.2,24.0,46-60
2023-10-12,UC Riverside Highlanders - UC San Diego Tritons 2:5,United States. NCAA D1 Big West,15,UC Riverside Highlanders,3-4-1-2 (0.0%),0,-0.13,0.13,2,1.0,2,74,64,58.66,12,1,0.0,2,9,14,6,,4,4,0.125,37,22,0.7692307692307693,1,1,9,0,0,,0,2,0.6,0,3,0.42857142857142855,1,0,1.0,0,8,1,1,2,7,1,3,0.8648648648648649,13,10,0,0,0,0,10,6,7,3,1,0.5945945945945946,1,3,0,3,1,0,24,23,0.9583333333333334,6,6,1.0,32,27,0.84375,4,3,0.75,8,7,0.875,14,13,0.9285714285714286,0,0,,4,4,1.0,1,17.54,4.35,5.41,22.26,23.95,4.5,61-75
2023-10-12,UC Riverside Highlanders - UC San Diego Tritons 2:5,United States. NCAA D1 Big West,15,UC Riverside Highlanders,3-4-1-2 (100.0%),2,1.0699999999999998,0.93,3,0.6666666666666666,2,86,74,67.57,11,5,,3,3,10,6,,2,2,,25,16,0.7,1,0,3,1,2,1.0,2,0,0.8,0,0,0.25,0,0,,0,0,0,0,1,1,0,2,0.8604651162790697,10,7,1,0,1,1,10,8,4,1,0,0.64,0,4,3,1,0,0,26,17,0.6538461538461539,6,6,1.0,43,40,0.9302325581395349,4,2,0.5,5,2,0.4,9,4,0.4444444444444444,0,0,,2,2,1.0,1,15.08,5.06,4.65,12.8,18.55,23.0,1-15
2023-10-12,UC Riverside Highlanders - UC San Diego Tritons 2:5,United States. NCAA D1 Big West,15,UC Riverside Highlanders,3-4-1-2 (41.22%),0,0.0,0.0,0,,0,103,94,69.65,14,3,,8,3,8,7,,1,0,,28,9,0.16666666666666666,0,0,3,0,0,1.0,0,0,0.625,0,0,0.25,0,0,,0,0,0,0,1,0,0,0,0.912621359223301,12,2,0,2,2,2,8,5,4,1,0,0.32142857142857145,0,2,2,2,0,0,28,22,0.7857142857142857,22,21,0.9545454545454546,44,43,0.9772727272727273,2,0,0.0,7,5,0.7142857142857143,14,11,0.7857142857142857,0,0,,3,3,1.0,1,19.48,6.44,1.94,0.0,19.7,15.0,16-30
2023-10-12,UC Riverside Highlanders - UC San Diego Tritons 2:5,United States. NCAA D1 Big West,15,UC San Diego Tritons,4-4-2 (100.0%),0,0.0,0.0,0,,0,36,29,41.34,14,5,,3,6,8,6,,0,2,0.25,37,15,0.4,0,0,3,0,0,1.0,0,0,0.23076923076923078,0,1,0.5714285714285714,0,0,,0,4,1,1,1,4,1,3,0.8055555555555556,10,4,0,0,2,2,13,3,7,4,0,0.40540540540540543,0,10,4,3,0,0,17,14,0.8235294117647058,3,3,1.0,11,8,0.7272727272727273,11,8,0.7272727272727273,6,5,0.8333333333333334,11,9,0.8181818181818182,0,0,,0,0,,1,12.1,2.77,30.56,0.0,25.71,45.0,61-75
2023-10-12,UC Riverside Highlanders - UC San Diego Tritons 2:5,United States. NCAA D1 Big West,15,UC San Diego Tritons,4-4-2 (100.0%),0,-0.12,0.12,1,1.0,1,33,25,32.43,13,0,0.0,3,10,10,0,,7,3,0.5,25,7,0.2,0,0,5,1,0,1.0,0,2,0.3,0,1,0.5,0,0,,0,2,1,1,2,3,0,3,0.7575757575757576,10,2,0,2,2,2,10,3,4,2,0,0.28,0,4,0,1,0,0,13,8,0.6153846153846154,4,4,1.0,11,9,0.8181818181818182,6,5,0.8333333333333334,9,5,0.5555555555555556,9,8,0.8888888888888888,0,0,,3,2,0.6666666666666666,0,12.05,2.2,18.18,10.52,23.33,25.0,1-15
2023-10-12,UC Riverside Highlanders - UC San Diego Tritons 2:5,United States. NCAA D1 Big West,15,UC San Diego Tritons,4-4-2 (100.0%),1,0.06000000000000005,0.94,4,0.5,2,39,32,33.8,14,5,,3,6,11,4,1.0,2,5,1.0,24,11,0.3333333333333333,2,0,5,2,0,,0,0,0.6666666666666666,0,1,0.5,0,1,,1,1,1,1,1,2,0,1,0.8205128205128205,9,3,0,0,0,0,9,6,2,1,0,0.4583333333333333,0,5,1,0,0,0,16,11,0.6875,8,8,1.0,12,10,0.8333333333333334,4,3,0.75,8,3,0.375,12,11,0.9166666666666666,0,0,,3,2,0.6666666666666666,3,15.36,2.6,10.26,17.97,24.26,34.0,46-60
2023-10-12,UC Riverside Highlanders - UC San Diego Tritons 2:5,United States. NCAA D1 Big West,15,UC San Diego Tritons,4-4-2 (100.0%),2,1.3900000000000001,0.61,3,0.6666666666666666,2,31,23,30.35,9,0,,4,5,9,1,,6,2,0.3333333333333333,28,17,0.375,1,1,5,2,0,,0,0,0.8333333333333334,0,1,0.75,0,0,,0,3,1,1,3,4,0,4,0.7419354838709677,8,3,0,0,0,0,12,10,4,3,0,0.6071428571428571,0,5,1,2,0,0,11,7,0.6363636363636364,6,5,0.8333333333333334,9,7,0.7777777777777778,4,3,0.75,6,5,0.8333333333333334,10,8,0.8,0,0,,3,3,1.0,0,13.45,1.94,12.9,15.55,20.42,12.86,16-30
2023-10-12,UC Riverside Highlanders - UC San Diego Tritons 2:5,United States. NCAA D1 Big West,21,UC Riverside Highlanders,3-4-1-2 (0.0%),0,-0.38,0.38,4,0.25,1,78,59,59.68,29,4,0.5,8,17,18,10,,6,2,0.6666666666666666,57,33,0.5,1,0,5,0,1,1.0,1,2,0.6896551724137931,1,2,0.5,1,0,0.3333333333333333,0,3,2,2,1,4,2,8,0.7564102564102564,16,8,0,1,1,1,29,20,6,3,3,0.5789473684210527,1,13,5,6,1,0,31,19,0.6129032258064516,12,11,0.9166666666666666,27,23,0.8518518518518519,10,2,0.2,10,3,0.3,11,4,0.36363636363636365,0,0,,2,2,1.0,2,12.96,3.12,12.82,18.54,19.41,3.73,76-90
2023-10-12,UC Riverside Highlanders - UC San Diego Tritons 2:5,United States. NCAA D1 Big West,21,UC San Diego Tritons,4-4-2 (100.0%),1,0.97,0.03,2,0.5,1,61,46,40.32,24,4,0.0,5,15,20,10,,8,2,0.5,57,21,0.3103448275862069,2,1,4,1,0,1.0,0,1,0.5,0,1,0.3333333333333333,0,0,,0,4,2,2,1,5,2,5,0.7540983606557377,29,9,1,0,1,1,16,8,6,2,0,0.3684210526315789,0,9,2,3,2,0,25,19,0.76,13,9,0.6923076923076923,16,12,0.75,13,8,0.6153846153846154,11,7,0.6363636363636364,11,8,0.7272727272727273,0,0,,7,4,0.5714285714285714,1,15.0,2.18,21.31,24.98,20.58,21.67,76-90
2023-10-12,UC Riverside Highlanders - UC San Diego Tritons 2:5,United States. NCAA D1 Big West,22,UC Riverside Highlanders,3-4-1-2 (0.0%),0,-0.11,0.11,1,0.0,0,110,91,60.48,23,3,,14,6,17,10,,5,2,0.6666666666666666,53,27,0.4166666666666667,0,0,6,1,1,1.0,0,0,0.6153846153846154,0,1,0.4,0,0,0.0,0,3,2,2,0,2,0,2,0.8272727272727273,12,5,1,1,2,2,26,16,10,4,1,0.5094339622641509,0,8,7,5,0,0,32,24,0.75,19,17,0.8947368421052632,43,40,0.9302325581395349,7,3,0.42857142857142855,7,6,0.8571428571428571,16,11,0.6875,2,0,0.0,6,6,1.0,0,17.28,4.78,6.36,12.49,18.25,6.67,31-45
2023-10-12,UC Riverside Highlanders - UC San Diego Tritons 2:5,United States. NCAA D1 Big West,22,UC San Diego Tritons,4-4-2 (100.0%),1,0.6799999999999999,0.32,4,0.5,2,59,50,39.52,16,1,1.0,8,7,17,2,,13,2,0.6666666666666666,53,23,0.38461538461538464,2,1,6,2,0,,0,1,0.5833333333333334,1,3,0.3,0,0,,0,3,2,2,0,2,0,2,0.847457627118644,26,10,0,0,0,0,12,7,10,3,0,0.4339622641509434,0,6,1,2,1,0,30,24,0.8,6,5,0.8333333333333334,15,13,0.8666666666666667,9,4,0.4444444444444444,12,9,0.75,15,12,0.8,0,0,,4,3,0.75,2,14.18,2.36,15.25,19.77,20.44,13.43,31-45
2023-10-15,UC San Diego Tritons - CSU Bakersfield Roadrunners 1:0,United States. NCAA D1 Big West,15,CSU Bakersfield Roadrunners,4-2-3-1 (100.0%),0,0.0,0.0,0,,0,81,60,53.14,21,8,0.0,10,3,12,7,,5,0,0.0,29,17,0.5,0,0,3,0,0,,0,1,0.75,0,1,0.2857142857142857,0,0,,0,2,0,0,1,2,1,4,0.7407407407407407,6,3,0,0,0,0,16,12,7,2,0,0.5862068965517241,0,5,1,2,0,0,21,8,0.38095238095238093,8,6,0.75,46,43,0.9347826086956522,11,2,0.18181818181818182,4,2,0.5,15,3,0.2,0,0,,2,2,1.0,0,18.38,5.06,13.58,0.0,21.44,26.0,1-15
2023-10-15,UC San Diego Tritons - CSU Bakersfield Roadrunners 1:0,United States. NCAA D1 Big West,15,CSU Bakersfield Roadrunners,4-2-3-1 (100.0%),0,-0.05,0.05,1,1.0,1,86,78,65.14,14,4,,7,3,9,6,,2,1,0.0,25,11,0.4,1,1,2,0,0,,0,0,0.4444444444444444,0,1,0.5,0,0,,0,1,0,0,0,0,0,2,0.9069767441860465,5,2,0,0,0,0,9,4,4,2,0,0.44,0,2,1,0,0,0,24,22,0.9166666666666666,7,6,0.8571428571428571,44,42,0.9545454545454546,3,2,0.6666666666666666,3,3,1.0,8,6,0.75,0,0,,4,2,0.5,2,14.9,5.73,3.49,22.09,18.0,23.0,46-60
2023-10-15,UC San Diego Tritons - CSU Bakersfield Roadrunners 1:0,United States. NCAA D1 Big West,15,CSU Bakersfield Roadrunners,4-2-3-1 (100.0%),0,-0.1,0.1,1,0.0,0,88,78,66.0,14,4,0.0,3,7,12,4,,5,3,0.3333333333333333,32,10,0.375,0,0,6,1,0,,0,1,0.2222222222222222,0,1,1.0,0,0,0.0,0,3,1,1,0,5,2,3,0.8863636363636364,16,6,0,0,0,0,9,2,1,1,2,0.3125,0,8,0,4,0,0,28,21,0.75,14,14,1.0,38,37,0.9736842105263158,6,2,0.3333333333333333,7,4,0.5714285714285714,12,8,0.6666666666666666,0,0,,4,3,0.75,1,17.91,5.18,6.82,15.76,20.12,2.56,16-30
2023-10-15,UC San Diego Tritons - CSU Bakersfield Roadrunners 1:0,United States. NCAA D1 Big West,15,CSU Bakersfield Roadrunners,4-2-3-1 (100.0%),0,-0.14,0.14,2,0.0,0,55,47,41.72,10,2,1.0,5,3,8,3,,5,0,0.0,22,12,0.3333333333333333,0,0,2,1,1,,0,1,0.5714285714285714,1,0,1.0,0,0,,0,1,0,0,1,3,2,3,0.8545454545454545,3,1,0,0,0,0,14,8,2,2,0,0.5454545454545454,0,5,4,3,0,0,17,14,0.8235294117647058,6,6,1.0,26,23,0.8846153846153846,2,1,0.5,5,5,1.0,8,5,0.625,0,0,,1,0,0.0,2,20.54,4.23,3.64,16.4,18.66,13.0,61-75
2023-10-15,UC San Diego Tritons - CSU Bakersfield Roadrunners 1:0,United States. NCAA D1 Big West,15,UC San Diego Tritons,4-4-2 (100.0%),0,0.0,0.0,0,,0,46,38,34.86,11,2,0.0,2,7,11,4,,6,1,0.0,25,11,0.5555555555555556,0,0,7,0,0,1.0,0,1,0.6,0,0,0.25,0,0,,0,3,0,0,0,5,3,3,0.8260869565217391,9,5,0,0,1,1,5,3,4,1,0,0.44,0,7,1,2,1,0,17,14,0.8235294117647058,9,9,1.0,14,11,0.7857142857142857,8,4,0.5,7,5,0.7142857142857143,8,6,0.75,0,0,,3,3,1.0,0,14.89,3.07,17.39,0.0,25.35,11.43,46-60
2023-10-15,UC San Diego Tritons - CSU Bakersfield Roadrunners 1:0,United States. NCAA D1 Big West,15,UC San Diego Tritons,4-4-2 (100.0%),0,0.0,0.0,1,0.0,0,57,51,58.28,11,2,0.0,3,6,10,3,,5,2,0.0,22,9,0.42857142857142855,1,0,5,0,1,,0,2,0.6666666666666666,0,0,0.0,0,0,,0,3,0,0,0,4,0,0,0.8947368421052632,14,6,0,0,0,0,3,2,2,0,0,0.4090909090909091,0,8,1,0,0,0,20,17,0.85,10,10,1.0,17,14,0.8235294117647058,1,0,0.0,10,8,0.8,9,9,1.0,0,0,,3,3,1.0,1,15.24,3.8,1.75,24.14,17.5,48.0,61-75
2023-10-15,UC San Diego Tritons - CSU Bakersfield Roadrunners 1:0,United States. NCAA D1 Big West,15,UC San Diego Tritons,4-4-2 (100.0%),0,-0.18,0.18,2,0.0,0,59,44,46.86,20,1,0.0,7,12,13,2,,6,5,0.0,29,11,0.25,1,0,7,1,0,,0,1,0.5,0,2,0.5714285714285714,1,0,1.0,0,4,0,0,1,7,4,7,0.7457627118644068,16,4,0,0,0,0,6,3,7,4,1,0.3793103448275862,1,9,0,1,0,0,26,15,0.5769230769230769,7,7,1.0,19,16,0.8421052631578947,4,2,0.5,14,12,0.8571428571428571,13,10,0.7692307692307693,0,0,,4,3,0.75,1,15.18,3.47,6.78,15.7,20.28,18.0,1-15
2023-10-15,UC San Diego Tritons - CSU Bakersfield Roadrunners 1:0,United States. NCAA D1 Big West,15,UC San Diego Tritons,4-4-2 (100.0%),0,-0.3,0.3,3,0.0,0,44,36,34.0,14,5,0.0,5,4,10,4,,3,3,,32,20,0.7777777777777778,1,0,4,2,0,,0,1,0.625,0,0,0.0,0,0,0.0,0,0,0,0,3,5,3,5,0.8181818181818182,9,7,0,0,0,0,16,10,1,0,1,0.625,0,8,0,2,0,0,16,9,0.5625,4,4,1.0,14,13,0.9285714285714286,4,1,0.25,5,3,0.6,7,4,0.5714285714285714,0,0,,4,3,0.75,1,17.38,3.14,9.09,16.92,19.78,10.86,16-30
2023-10-15,UC San Diego Tritons - CSU Bakersfield Roadrunners 1:0,United States. NCAA D1 Big West,17,CSU Bakersfield Roadrunners,4-2-3-1 (100.0%),0,0.0,0.0,0,,0,88,70,57.74,29,6,,16,7,19,7,,11,1,0.0,47,22,0.2857142857142857,0,0,2,0,0,,0,0,0.5833333333333334,0,0,0.4166666666666667,0,0,1.0,0,2,0,0,0,3,0,0,0.7954545454545454,14,4,0,0,0,0,12,7,12,5,1,0.46808510638297873,1,11,3,5,1,0,29,18,0.6206896551724138,12,10,0.8333333333333334,38,36,0.9473684210526315,7,3,0.42857142857142855,7,4,0.5714285714285714,11,6,0.5454545454545454,0,0,,3,3,1.0,1,19.62,4.19,7.95,0.0,18.58,2.82,31-45
2023-10-15,UC San Diego Tritons - CSU Bakersfield Roadrunners 1:0,United States. NCAA D1 Big West,17,UC San Diego Tritons,4-4-2 (100.0%),0,-0.46,0.46,1,0.0,0,46,34,42.26,21,1,0.0,13,7,21,8,,10,3,0.0,47,24,0.4166666666666667,0,0,8,1,0,,0,1,0.7142857142857143,0,1,0.5,0,0,,0,3,0,0,2,4,1,4,0.7391304347826086,12,5,1,0,0,0,14,10,12,6,0,0.5106382978723404,0,15,0,6,0,0,18,14,0.7777777777777778,9,9,1.0,10,6,0.6,5,3,0.6,8,6,0.75,11,8,0.7272727272727273,0,0,,7,4,0.5714285714285714,0,14.02,2.09,10.87,6.3,20.61,5.5,31-45
2023-10-15,UC San Diego Tritons - CSU Bakersfield Roadrunners 1:0,United States. NCAA D1 Big West,25,CSU Bakersfield Roadrunners,4-2-3-1 (100.0%),0,-0.15,0.15,3,0.3333333333333333,1,122,102,65.26,32,2,1.0,18,12,24,12,,12,0,0.5,58,38,0.75,1,0,5,1,0,1.0,0,1,0.8421052631578947,1,1,0.23076923076923078,0,0,0.5,0,2,1,1,0,4,2,7,0.8360655737704918,16,12,0,1,3,3,19,16,13,3,2,0.6551724137931034,1,6,2,3,1,0,45,33,0.7333333333333333,12,12,1.0,52,49,0.9423076923076923,7,6,0.8571428571428571,13,10,0.7692307692307693,21,17,0.8095238095238095,0,0,,3,3,1.0,4,14.11,3.49,5.74,17.5,18.69,8.33,76-90
2023-10-15,UC San Diego Tritons - CSU Bakersfield Roadrunners 1:0,United States. NCAA D1 Big West,25,UC San Diego Tritons,4-4-2 (100.0%),1,0.29000000000000004,0.71,5,0.6,3,84,68,34.74,24,1,,11,12,26,10,,15,1,0.3333333333333333,58,18,0.15789473684210525,3,1,13,3,2,1.0,1,0,0.25,0,1,0.6153846153846154,1,0,0.0,0,9,3,3,2,12,2,7,0.8095238095238095,19,3,1,0,1,1,16,4,13,8,2,0.3103448275862069,0,12,1,9,2,0,39,31,0.7948717948717948,10,8,0.8,26,21,0.8076923076923077,13,8,0.6153846153846154,14,13,0.9285714285714286,18,16,0.8888888888888888,1,1,1.0,3,3,1.0,1,18.24,3.11,15.48,18.11,20.47,6.38,76-90
2023-10-19,CSUN Matadors - UC San Diego Tritons 2:1,United States. NCAA D1 Big West,15,CSUN Matadors,4-2-3-1 (100.0%),0,0.0,0.0,0,,0,96,83,59.91,15,1,0.0,6,8,14,7,,5,2,1.0,28,12,0.42857142857142855,0,0,3,0,1,,0,1,0.7272727272727273,0,0,0.0,0,0,1.0,0,1,1,1,0,5,0,0,0.8645833333333334,7,3,0,0,0,0,11,8,5,0,1,0.42857142857142855,1,7,0,1,1,0,29,19,0.6551724137931034,10,10,1.0,47,44,0.9361702127659575,12,5,0.4166666666666667,10,4,0.4,9,7,0.7777777777777778,0,0,,3,3,1.0,0,16.2,6.4,12.5,0.0,20.01,10.25,1-15
2023-10-19,CSUN Matadors - UC San Diego Tritons 2:1,United States. NCAA D1 Big West,15,CSUN Matadors,4-2-3-1 (100.0%),0,-0.06,0.06,1,0.0,0,52,46,56.81,14,4,,6,4,13,9,,4,0,0.0,32,16,0.3,0,0,3,1,0,,0,0,0.8,0,0,0.5,0,0,,0,1,0,0,1,3,1,2,0.8846153846153846,10,3,0,0,0,0,10,8,4,2,0,0.5,0,4,3,1,0,0,21,17,0.8095238095238095,6,6,1.0,20,18,0.9,7,5,0.7142857142857143,8,6,0.75,11,8,0.7272727272727273,0,0,,4,4,1.0,1,14.81,3.71,13.46,14.01,20.27,14.0,16-30
2023-10-19,CSUN Matadors - UC San Diego Tritons 2:1,United States. NCAA D1 Big West,15,CSUN Matadors,4-2-3-1 (100.0%),0,-0.39,0.39,4,0.0,0,61,53,51.44,13,2,0.0,2,9,18,8,,8,2,0.3333333333333333,41,26,0.625,3,0,7,2,1,,1,1,0.6923076923076923,0,0,0.8,0,0,1.0,0,3,1,1,4,7,0,4,0.8688524590163934,16,10,0,0,0,0,13,9,5,4,2,0.6341463414634146,2,3,3,4,0,0,24,18,0.75,7,7,1.0,26,24,0.9230769230769231,6,4,0.6666666666666666,10,9,0.9,12,12,1.0,0,0,,2,1,0.5,0,16.95,3.39,9.84,20.05,20.21,4.22,61-75
2023-10-19,CSUN Matadors - UC San Diego Tritons 2:1,United States. NCAA D1 Big West,15,CSUN Matadors,4-2-3-1 (100.0%),1,0.21999999999999997,0.78,1,1.0,1,47,37,53.98,16,8,,4,4,9,5,,4,0,0.0,37,12,0.16666666666666666,0,0,2,1,1,1.0,1,0,0.5,0,0,0.2222222222222222,0,0,1.0,0,1,0,0,0,3,1,1,0.7872340425531915,12,2,0,1,2,2,14,7,9,2,1,0.32432432432432434,1,5,3,3,0,0,14,8,0.5714285714285714,6,6,1.0,22,19,0.8636363636363636,8,3,0.375,6,2,0.3333333333333333,7,4,0.5714285714285714,0,0,,2,2,1.0,2,10.78,3.36,17.02,6.25,21.59,28.0,46-60
2023-10-19,CSUN Matadors - UC San Diego Tritons 2:1,United States. NCAA D1 Big West,15,UC San Diego Tritons,4-4-2 (100.0%),0,0.0,0.0,0,,0,48,41,48.56,18,6,,5,7,12,7,,5,0,1.0,41,15,0.3076923076923077,0,0,2,0,0,,0,0,0.375,0,1,0.2,0,0,,0,1,1,1,0,1,0,0,0.8541666666666666,13,4,0,0,0,0,16,6,5,1,0,0.36585365853658536,0,6,3,3,0,0,22,17,0.7727272727272727,4,4,1.0,15,14,0.9333333333333333,6,3,0.5,7,4,0.5714285714285714,8,6,0.75,0,0,,4,3,0.75,1,14.13,3.0,12.5,0.0,20.58,12.67,61-75
2023-10-19,CSUN Matadors - UC San Diego Tritons 2:1,United States. NCAA D1 Big West,15,UC San Diego Tritons,4-4-2 (100.0%),0,-0.01,0.01,1,0.0,0,53,40,40.09,15,1,0.0,8,6,12,5,,6,1,0.0,28,11,0.2727272727272727,1,0,5,1,0,,0,1,0.5714285714285714,0,0,0.6,0,0,1.0,0,1,0,0,1,1,0,2,0.7547169811320755,11,3,0,0,0,0,7,4,5,3,1,0.39285714285714285,1,2,1,1,0,0,21,12,0.5714285714285714,13,12,0.9230769230769231,14,12,0.8571428571428571,11,5,0.45454545454545453,9,5,0.5555555555555556,11,8,0.7272727272727273,0,0,,5,4,0.8,1,13.36,3.79,20.75,26.22,21.45,15.4,1-15
2023-10-19,CSUN Matadors - UC San Diego Tritons 2:1,United States. NCAA D1 Big West,15,UC San Diego Tritons,4-4-2 (100.0%),0,-0.03,0.03,1,0.0,0,40,30,43.19,18,2,,6,10,11,1,,5,5,0.0,32,15,0.2,1,0,3,0,0,,0,0,0.7,0,0,0.5,0,0,0.5,0,1,0,0,0,4,1,1,0.75,10,2,0,0,0,0,10,7,4,2,2,0.46875,1,3,2,2,1,0,15,8,0.5333333333333333,2,2,1.0,18,16,0.8888888888888888,6,1,0.16666666666666666,7,4,0.5714285714285714,4,3,0.75,0,0,,7,6,0.8571428571428571,1,14.99,2.86,15.0,29.52,22.79,5.71,16-30
2023-10-19,CSUN Matadors - UC San Diego Tritons 2:1,United States. NCAA D1 Big West,15,UC San Diego Tritons,4-4-2 (100.0%),1,-0.26,1.26,3,0.6666666666666666,2,45,33,46.02,17,0,,4,13,10,3,,2,5,0.6,37,25,0.5,0,0,4,2,0,1.0,0,0,0.8333333333333334,0,2,0.7777777777777778,1,0,1.0,0,5,3,4,0,5,0,4,0.7333333333333333,14,7,0,1,1,1,12,10,9,7,1,0.6756756756756757,1,2,0,0,0,0,18,13,0.7222222222222222,8,7,0.875,14,10,0.7142857142857143,9,6,0.6666666666666666,9,8,0.8888888888888888,12,9,0.75,1,0,0.0,3,3,1.0,0,12.11,3.0,20.0,7.06,23.93,11.5,46-60
2023-10-19,CSUN Matadors - UC San Diego Tritons 2:1,United States. NCAA D1 Big West,19,CSUN Matadors,4-2-3-1 (100.0%),0,-0.58,0.58,4,0.75,3,84,66,52.05,20,7,,5,8,15,8,,5,2,0.6666666666666666,48,27,0.5625,2,1,5,3,3,,0,0,0.75,0,0,0.6666666666666666,0,0,0.0,0,3,2,2,0,7,3,3,0.7857142857142857,16,9,1,0,0,0,12,9,9,6,1,0.5625,0,7,6,1,0,0,32,18,0.5625,11,9,0.8181818181818182,32,31,0.96875,11,3,0.2727272727272727,13,6,0.46153846153846156,17,10,0.5882352941176471,1,0,0.0,5,5,1.0,2,14.12,3.36,13.1,18.22,19.32,26.5,31-45
2023-10-19,CSUN Matadors - UC San Diego Tritons 2:1,United States. NCAA D1 Big West,19,UC San Diego Tritons,4-4-2 (100.0%),0,-0.04,0.04,1,0.0,0,75,55,47.95,26,6,0.0,6,14,20,11,,5,4,0.0,48,18,0.25,1,0,5,1,0,1.0,0,2,0.4375,0,0,0.3333333333333333,0,0,,0,3,0,0,2,4,1,3,0.7333333333333333,12,3,0,0,3,3,16,7,9,3,0,0.375,0,8,1,3,0,0,29,18,0.6206896551724138,8,6,0.75,26,23,0.8846153846153846,13,7,0.5384615384615384,12,7,0.5833333333333334,17,10,0.5882352941176471,0,0,,7,6,0.8571428571428571,2,13.68,2.78,17.33,28.13,21.52,14.4,31-45
2023-10-19,CSUN Matadors - UC San Diego Tritons 2:1,United States. NCAA D1 Big West,23,CSUN Matadors,4-2-3-1 (100.0%),1,0.06999999999999995,0.93,5,0.2,1,73,55,59.49,30,3,0.0,13,14,30,15,,8,7,0.4,63,31,0.2777777777777778,3,0,10,5,0,,0,1,0.5882352941176471,0,0,0.625,0,0,1.0,0,5,2,2,4,6,0,7,0.7534246575342466,18,5,0,0,0,0,17,10,16,10,2,0.49206349206349204,2,4,4,3,0,0,30,20,0.6666666666666666,5,5,1.0,24,19,0.7916666666666666,13,6,0.46153846153846156,12,8,0.6666666666666666,18,12,0.6666666666666666,0,0,,5,5,1.0,2,12.37,3.04,17.81,22.43,20.18,7.6,76-90
2023-10-19,CSUN Matadors - UC San Diego Tritons 2:1,United States. NCAA D1 Big West,23,UC San Diego Tritons,4-4-2 (100.0%),0,-0.09,0.09,1,0.0,0,72,58,40.51,32,6,0.0,12,14,25,9,,14,2,0.5,63,30,0.4117647058823529,0,0,4,0,0,1.0,0,1,0.7222222222222222,0,0,0.3125,0,0,0.5,0,4,2,3,1,8,2,2,0.8055555555555556,17,7,0,1,1,1,18,13,16,5,2,0.47619047619047616,1,8,2,2,2,0,34,24,0.7058823529411765,8,7,0.875,21,19,0.9047619047619048,10,6,0.6,15,9,0.6,14,12,0.8571428571428571,2,1,0.5,4,4,1.0,4,17.91,3.0,13.89,19.13,19.23,8.67,76-90
2023-10-22,UC San Diego Tritons - UC Davis Aggies 1:2,United States. NCAA D1 Big West,15,UC Davis Aggies,4-1-3-2 (0.0%),0,0.0,0.0,0,,0,36,25,25.78,15,4,,3,8,13,9,,3,1,,40,15,0.1111111111111111,0,0,3,0,0,,0,0,0.5625,0,0,0.25,0,0,1.0,0,0,0,0,0,1,0,0,0.6944444444444444,9,1,2,0,0,0,16,9,8,2,1,0.375,1,8,9,3,1,0,15,7,0.4666666666666667,1,1,1.0,12,10,0.8333333333333334,8,1,0.125,9,4,0.4444444444444444,9,4,0.4444444444444444,1,0,0.0,3,3,1.0,3,20.37,2.12,22.22,0.0,24.9,12.0,61-75
2023-10-22,UC San Diego Tritons - UC Davis Aggies 1:2,United States. NCAA D1 Big West,15,UC Davis Aggies,4-1-3-2 (0.11%),2,1.69,0.31,3,0.6666666666666666,2,50,39,49.67,18,4,,5,9,15,5,,7,3,0.4,37,13,0.4,1,0,6,3,0,,0,0,0.5454545454545454,0,0,0.2,0,0,,0,5,2,2,1,5,0,2,0.78,10,4,1,0,0,0,11,6,10,2,0,0.35135135135135137,0,9,5,3,0,0,23,15,0.6521739130434783,5,5,1.0,15,13,0.8666666666666667,10,6,0.6,10,7,0.7,18,13,0.7222222222222222,0,0,,4,3,0.75,2,14.93,2.78,20.0,18.78,23.73,6.0,46-60
2023-10-22,UC San Diego Tritons - UC Davis Aggies 1:2,United States. NCAA D1 Big West,15,UC Davis Aggies,4-1-3-2 (100.0%),0,-0.07,0.07,2,0.5,1,54,40,53.22,21,9,,7,5,16,10,,5,1,0.5,32,16,0.2,1,0,4,2,0,1.0,0,0,0.5833333333333334,0,0,0.8333333333333334,0,0,,0,2,1,1,0,2,0,1,0.7407407407407407,10,2,0,0,3,3,12,7,6,5,0,0.5,0,11,7,3,0,0,16,9,0.5625,4,3,0.75,27,21,0.7777777777777778,7,3,0.42857142857142855,7,6,0.8571428571428571,12,7,0.5833333333333334,0,0,,4,4,1.0,1,13.42,2.57,12.96,22.42,24.0,6.2,16-30
2023-10-22,UC San Diego Tritons - UC Davis Aggies 1:2,United States. NCAA D1 Big West,15,UC Davis Aggies,4-1-3-2 (100.0%),0,-0.11,0.11,1,0.0,0,66,54,51.74,20,3,,6,11,17,8,,9,0,1.0,37,21,0.14285714285714285,1,0,5,1,0,,0,0,0.7692307692307693,0,0,0.7,0,0,,0,1,1,1,0,4,1,2,0.8181818181818182,7,1,0,0,0,0,13,10,10,7,0,0.5675675675675675,0,4,2,4,0,0,22,14,0.6363636363636364,9,9,1.0,31,27,0.8709677419354839,16,8,0.5,13,6,0.46153846153846156,13,12,0.9230769230769231,0,0,,3,3,1.0,2,14.63,3.88,24.24,19.96,25.53,7.0,1-15
2023-10-22,UC San Diego Tritons - UC Davis Aggies 1:2,United States. NCAA D1 Big West,15,UC San Diego Tritons,4-4-2 (100.0%),0,0.0,0.0,0,,0,46,29,50.33,23,5,0.0,9,9,19,8,,8,3,0.25,37,22,0.45454545454545453,0,0,5,0,0,1.0,0,1,0.6,0,2,0.7,0,0,,0,4,1,1,0,7,2,2,0.6304347826086957,11,5,0,2,2,2,10,6,10,7,0,0.5945945945945946,0,6,2,1,0,0,21,10,0.47619047619047616,8,7,0.875,12,8,0.6666666666666666,9,4,0.4444444444444444,11,7,0.6363636363636364,10,6,0.6,0,0,,3,3,1.0,1,13.55,2.19,19.57,0.0,21.49,12.33,46-60
2023-10-22,UC San Diego Tritons - UC Davis Aggies 1:2,United States. NCAA D1 Big West,15,UC San Diego Tritons,4-4-2 (100.0%),0,0.0,0.0,1,0.0,0,64,49,74.22,18,0,0.0,6,12,13,5,,6,2,0.5,40,22,0.4375,1,0,8,0,0,,0,1,0.8888888888888888,0,2,0.5,0,0,1.0,0,4,2,2,1,7,2,2,0.765625,16,7,0,0,0,0,9,8,8,4,1,0.55,1,0,0,0,0,0,28,21,0.75,14,12,0.8571428571428571,15,11,0.7333333333333333,9,6,0.6666666666666666,13,10,0.7692307692307693,19,15,0.7894736842105263,0,0,,10,8,0.8,1,12.58,2.56,14.06,27.98,21.3,32.0,61-75
2023-10-22,UC San Diego Tritons - UC Davis Aggies 1:2,United States. NCAA D1 Big West,15,UC San Diego Tritons,4-4-2 (100.0%),0,-0.07,0.07,1,0.0,0,54,44,48.26,16,1,0.0,5,10,17,7,,8,2,1.0,37,12,0.23076923076923078,0,0,5,1,1,,0,1,0.8571428571428571,0,0,0.1,0,0,,0,1,1,1,1,2,0,2,0.8148148148148148,13,3,0,0,0,0,7,6,10,1,0,0.32432432432432434,0,5,0,0,0,0,25,18,0.72,8,8,1.0,19,16,0.8421052631578947,11,7,0.6363636363636364,12,6,0.5,16,14,0.875,0,0,,3,3,1.0,2,12.83,2.84,20.37,10.81,27.1,53.0,1-15
2023-10-22,UC San Diego Tritons - UC Davis Aggies 1:2,United States. NCAA D1 Big West,15,UC San Diego Tritons,4-4-2 (100.0%),0,-0.4,0.4,5,0.6,3,62,49,46.78,17,2,0.0,3,12,13,4,,3,6,0.5,32,15,0.4166666666666667,1,1,9,2,0,1.0,0,1,0.8,0,2,0.0,2,0,1.0,0,6,3,2,0,6,1,4,0.7903225806451613,12,5,0,0,1,1,10,8,6,0,1,0.46875,1,6,2,1,0,0,26,19,0.7307692307692307,4,4,1.0,20,16,0.8,8,5,0.625,12,7,0.5833333333333334,14,13,0.9285714285714286,1,0,0.0,8,8,1.0,1,17.53,2.7,12.9,15.31,22.46,7.17,16-30
2023-10-22,UC San Diego Tritons - UC Davis Aggies 1:2,United States. NCAA D1 Big West,16,UC Davis Aggies,4-1-3-2 (100.0%),0,0.0,0.0,1,0.0,0,79,64,73.93,16,4,0.0,2,10,15,7,,4,4,0.42857142857142855,44,16,0.16666666666666666,1,0,6,0,0,,0,2,0.5,0,1,0.5,0,0,1.0,0,7,3,3,3,7,0,5,0.810126582278481,18,3,0,0,0,0,14,7,8,4,2,0.36363636363636365,2,12,3,3,0,0,21,14,0.6666666666666666,5,5,1.0,44,39,0.8863636363636364,11,7,0.6363636363636364,9,7,0.7777777777777778,14,13,0.9285714285714286,0,0,,5,5,1.0,1,12.17,4.39,13.92,27.44,23.79,2.5,31-45
2023-10-22,UC San Diego Tritons - UC Davis Aggies 1:2,United States. NCAA D1 Big West,16,UC San Diego Tritons,4-4-2 (100.0%),0,0.0,0.0,0,,0,41,28,26.07,21,6,0.0,7,8,9,6,,3,0,0.3333333333333333,44,28,0.5,0,0,3,0,0,,0,2,0.8333333333333334,0,0,0.5,0,0,,0,3,1,0,0,2,0,2,0.6829268292682927,14,7,0,0,0,0,18,15,8,4,0,0.6363636363636364,0,4,3,2,0,0,11,5,0.45454545454545453,8,7,0.875,14,13,0.9285714285714286,3,2,0.6666666666666666,8,6,0.75,8,4,0.5,0,0,,4,4,1.0,2,17.91,2.73,7.32,0.0,20.8,17.0,31-45
2023-10-22,UC San Diego Tritons - UC Davis Aggies 1:2,United States. NCAA D1 Big West,20,UC Davis Aggies,4-1-3-2 (0.0%),0,0.0,0.0,0,,0,56,41,45.92,22,7,,4,11,15,11,,4,0,1.0,57,27,0.45454545454545453,0,0,3,0,0,1.0,0,0,0.5,0,0,0.5625,0,0,,0,1,1,1,0,1,0,1,0.7321428571428571,11,5,0,1,1,1,22,11,16,9,0,0.47368421052631576,0,17,10,7,0,0,23,11,0.4782608695652174,10,10,1.0,16,15,0.9375,12,4,0.3333333333333333,16,6,0.375,10,6,0.6,0,0,,5,4,0.8,4,12.24,2.15,21.43,0.0,26.41,5.22,76-90
2023-10-22,UC San Diego Tritons - UC Davis Aggies 1:2,United States. NCAA D1 Big West,20,UC San Diego Tritons,4-4-2 (100.0%),1,0.51,0.49,4,0.25,1,86,71,54.08,26,2,0.5,8,16,20,9,,7,4,0.5,57,25,0.5,1,0,6,1,0,,0,2,0.5454545454545454,1,2,0.3125,0,0,,0,10,5,4,2,12,0,4,0.8255813953488372,22,11,0,0,0,0,11,6,16,5,0,0.43859649122807015,0,0,1,3,1,0,29,22,0.7586206896551724,9,9,1.0,36,29,0.8055555555555556,14,9,0.6428571428571429,14,12,0.8571428571428571,25,21,0.84,0,0,,5,4,0.8,1,15.96,2.87,16.28,14.78,23.0,19.0,76-90
2023-10-29,UC Irvine Anteaters - UC San Diego Tritons 3:1,United States. NCAA D1 Big West,15,UC Irvine Anteaters,4-2-3-1 (100.0%),1,0.96,0.04,1,1.0,1,62,48,70.94,17,1,0.0,6,10,7,2,,3,2,0.3333333333333333,22,8,0.45454545454545453,0,0,3,1,0,1.0,0,2,0.1111111111111111,0,0,1.0,0,0,,0,3,1,1,3,5,1,4,0.7741935483870968,11,5,0,1,1,1,9,1,1,1,0,0.36363636363636365,0,7,1,4,1,0,17,11,0.6470588235294118,10,10,1.0,24,19,0.7916666666666666,7,5,0.7142857142857143,8,5,0.625,17,11,0.6470588235294118,0,0,,4,4,1.0,1,14.74,4.13,11.29,15.87,22.66,6.0,46-60
2023-10-29,UC Irvine Anteaters - UC San Diego Tritons 3:1,United States. NCAA D1 Big West,15,UC Irvine Anteaters,4-2-3-1 (100.0%),1,0.92,0.08,2,0.5,1,76,58,43.13,17,2,1.0,12,3,18,9,,9,0,,33,11,0.2,2,1,2,1,1,1.0,1,1,0.6,1,0,0.3333333333333333,0,0,0.0,0,0,0,0,0,2,1,0,0.7631578947368421,10,2,0,0,1,1,10,6,3,1,1,0.3333333333333333,0,5,4,2,0,0,38,26,0.6842105263157895,8,7,0.875,22,19,0.8636363636363636,7,1,0.14285714285714285,10,6,0.6,15,10,0.6666666666666666,0,0,,2,1,0.5,1,25.12,3.8,9.21,26.43,18.89,14.67,61-75
2023-10-29,UC Irvine Anteaters - UC San Diego Tritons 3:1,United States. NCAA D1 Big West,15,UC Irvine Anteaters,4-2-3-1 (100.0%),1,0.83,0.17,2,1.0,2,89,68,62.44,24,3,0.0,13,8,19,7,,9,3,0.0,26,14,0.5,2,2,4,1,0,,0,1,0.5833333333333334,0,0,0.5,0,0,1.0,0,1,0,0,1,2,0,0,0.7640449438202247,8,4,0,0,0,0,12,7,4,2,1,0.5384615384615384,1,12,6,1,0,0,33,23,0.696969696969697,7,6,0.8571428571428571,36,29,0.8055555555555556,8,5,0.625,8,5,0.625,16,11,0.6875,0,0,,3,3,1.0,0,17.4,4.68,8.99,19.68,19.39,4.29,1-15
2023-10-29,UC Irvine Anteaters - UC San Diego Tritons 3:1,United States. NCAA D1 Big West,15,UC Irvine Anteaters,4-2-3-1 (49.0%),0,-0.14,0.14,2,0.0,0,89,71,50.11,21,4,1.0,5,12,16,4,,6,6,0.5,34,15,0.5,1,0,9,1,0,1.0,0,1,0.42857142857142855,1,0,0.3333333333333333,0,0,,0,4,2,2,2,5,1,4,0.797752808988764,8,4,0,0,2,2,14,6,3,1,0,0.4411764705882353,0,7,1,0,0,0,24,17,0.7083333333333334,17,15,0.8823529411764706,40,34,0.85,9,6,0.6666666666666666,14,12,0.8571428571428571,16,12,0.75,0,0,,5,4,0.8,1,20.05,4.94,10.11,15.9,22.51,11.6,16-30
2023-10-29,UC Irvine Anteaters - UC San Diego Tritons 3:1,United States. NCAA D1 Big West,15,UC San Diego Tritons,4-4-2 (100.0%),0,-0.01,0.01,1,0.0,0,59,40,37.56,29,2,,15,12,16,6,,8,2,0.4,26,12,0.4166666666666667,1,0,6,1,0,1.0,0,0,0.5,0,0,0.5,0,0,,0,5,2,1,0,5,0,1,0.6779661016949152,12,5,1,1,2,2,8,4,4,2,0,0.46153846153846156,0,8,3,2,0,0,30,18,0.6,10,9,0.9,11,6,0.5454545454545454,10,4,0.4,13,7,0.5384615384615384,12,8,0.6666666666666666,0,0,,7,6,0.8571428571428571,0,19.17,3.47,16.95,23.77,21.75,8.88,1-15
2023-10-29,UC Irvine Anteaters - UC San Diego Tritons 3:1,United States. NCAA D1 Big West,15,UC San Diego Tritons,4-4-2 (100.0%),0,-0.13,0.13,2,0.5,1,61,47,56.87,24,1,,12,11,18,4,,12,2,0.5,33,18,0.4,1,1,5,1,1,1.0,1,0,0.8,0,0,0.3333333333333333,0,0,0.0,0,2,1,1,1,3,0,2,0.7704918032786885,10,4,0,1,1,1,10,8,3,1,1,0.5454545454545454,0,5,1,1,0,0,25,15,0.6,11,10,0.9090909090909091,16,16,1.0,8,4,0.5,8,2,0.25,10,7,0.7,0,0,,9,9,1.0,2,15.29,2.54,13.11,29.11,19.54,11.0,61-75
2023-10-29,UC Irvine Anteaters - UC San Diego Tritons 3:1,United States. NCAA D1 Big West,15,UC San Diego Tritons,4-4-2 (100.0%),0,-0.2,0.2,2,1.0,2,71,55,49.89,25,10,,8,7,18,10,,5,3,0.0,34,19,0.5714285714285714,2,2,4,1,1,,1,0,0.5,0,0,0.6666666666666666,0,0,0.0,0,1,0,0,0,3,0,0,0.7746478873239436,14,8,0,0,0,0,8,4,3,2,1,0.5588235294117647,0,8,5,1,0,0,25,16,0.64,9,8,0.8888888888888888,26,21,0.8076923076923077,7,3,0.42857142857142855,9,5,0.5555555555555556,11,4,0.36363636363636365,0,0,,4,2,0.5,2,16.06,4.44,9.86,23.45,17.95,19.67,16-30
2023-10-29,UC Irvine Anteaters - UC San Diego Tritons 3:1,United States. NCAA D1 Big West,15,UC San Diego Tritons,4-4-2 (100.0%),1,0.79,0.21,2,0.5,1,36,19,29.06,14,1,,7,6,10,4,,5,1,0.3333333333333333,22,14,0.8888888888888888,2,1,2,2,0,1.0,0,0,0.5454545454545454,0,1,0.0,0,0,0.5,0,3,1,1,2,4,0,1,0.5277777777777778,9,8,0,1,1,1,11,6,1,0,2,0.6363636363636364,1,7,2,4,0,0,17,5,0.29411764705882354,4,3,0.75,9,6,0.6666666666666666,9,2,0.2222222222222222,5,1,0.2,4,1,0.25,0,0,,2,2,1.0,0,20.89,2.77,25.0,18.6,20.5,6.14,46-60
2023-10-29,UC Irvine Anteaters - UC San Diego Tritons 3:1,United States. NCAA D1 Big West,18,UC Irvine Anteaters,4-2-3-1 (65.4%),0,-0.01,0.01,1,0.0,0,82,62,44.56,30,9,,11,10,20,8,,8,4,0.0,44,17,0.5454545454545454,1,0,5,0,0,1.0,0,0,0.4666666666666667,0,2,0.2857142857142857,0,0,,0,1,0,0,2,3,0,1,0.7560975609756098,11,6,0,0,1,1,15,7,7,2,0,0.38636363636363635,0,13,14,4,1,0,18,13,0.7222222222222222,12,10,0.8333333333333334,33,29,0.8787878787878788,12,6,0.5,7,4,0.5714285714285714,15,8,0.5333333333333333,0,0,,3,2,0.6666666666666666,1,19.38,3.28,14.63,18.9,19.89,9.43,31-45
2023-10-29,UC Irvine Anteaters - UC San Diego Tritons 3:1,United States. NCAA D1 Big West,18,UC San Diego Tritons,4-4-2 (100.0%),0,-0.2,0.2,4,0.25,1,93,69,55.44,36,6,0.6666666666666666,15,15,25,9,,11,5,0.3333333333333333,44,25,0.5333333333333333,2,0,6,1,0,,0,3,0.45454545454545453,2,1,0.7142857142857143,1,0,,0,6,2,2,1,5,0,6,0.7419354838709677,15,8,0,0,0,0,11,5,7,5,0,0.5681818181818182,0,9,2,4,0,0,39,26,0.6666666666666666,19,14,0.7368421052631579,24,19,0.7916666666666666,13,8,0.6153846153846154,10,5,0.5,15,8,0.5333333333333333,0,0,,5,5,1.0,0,17.67,3.44,13.98,18.72,18.55,6.2,31-45
2023-10-29,UC Irvine Anteaters - UC San Diego Tritons 3:1,United States. NCAA D1 Big West,22,UC Irvine Anteaters,4-2-3-1 (100.0%),0,-0.37,0.37,4,0.5,2,100,75,54.72,32,4,0.25,13,15,22,7,,10,5,0.0,56,30,0.5238095238095238,1,0,4,1,1,1.0,1,4,0.7058823529411765,1,0,0.3333333333333333,0,0,0.0,0,2,0,0,4,5,2,6,0.75,21,11,0,0,1,1,17,12,6,2,1,0.5357142857142857,0,4,7,1,2,0,40,27,0.675,10,8,0.8,32,26,0.8125,5,2,0.4,8,6,0.75,15,12,0.8,0,0,,3,2,0.6666666666666666,6,17.77,3.03,5.0,16.9,15.98,13.0,76-90
2023-10-29,UC Irvine Anteaters - UC San Diego Tritons 3:1,United States. NCAA D1 Big West,22,UC San Diego Tritons,4-4-2 (100.0%),0,-0.19,0.19,4,0.25,1,91,66,45.28,31,6,1.0,11,14,31,14,,14,3,0.0,56,23,0.29411764705882354,2,0,7,3,0,1.0,0,1,0.47619047619047616,1,0,0.3333333333333333,0,0,0.5,0,3,0,0,1,8,1,3,0.7252747252747253,17,5,1,0,2,2,21,10,6,2,2,0.4107142857142857,1,16,1,3,0,0,41,24,0.5853658536585366,11,11,1.0,23,17,0.7391304347826086,16,6,0.375,16,5,0.3125,21,11,0.5238095238095238,0,0,,7,7,1.0,2,19.54,3.03,17.58,21.73,21.16,10.83,76-90
